"id";"name";"reg_number";"start_date";"email";"phone";"website";"address";"type";"city";"lat";"lng";"is_active";"datetime";"hashed";"country_id";"municipality_id";"user_id"
1;"Seiara Irapiti Unip. Lda";"";"";"";"";"";"";"";"";"";"";1;"2023-03-17 12:55:11.545094";"c4ca4238a0b923820dcc509a6f75849b";1;1;1
2;"Libers Unip. Lda.";"";"";"";"";"";"";"";"";"";"";1;"2023-03-18 00:00:45.296145";"c81e728d9d4c2f636f067f89cc14862c";1;1;1
3;"Remexio Furak Unip. Lda.";"";"";"";"";"";"";"";"";"";"";1;"2023-03-18 00:00:56.876756";"eccbc87e4b5ce2fe28308fd9f2a7baf3";1;1;1
4;"Zenobia Diak Unip. Lda.";"";"";"";"";"";"";"";"";"";"";1;"2023-03-18 00:01:12.644308";"a87ff679a2f3e71d9181a67b7542122c";1;1;1
5;"Ambou Unip. Lda.";"";"";"";"";"";"";"";"";"";"";1;"2023-03-18 06:51:57.736703";"e4da3b7fbbce2345d7772b0674a318d5";1;1;1
6;"Anosel Unip. Lda.";"";"";"";"";"";"";"";"";"";"";1;"2023-03-18 07:02:02.521921";"1679091c5a880faf6fb5e6087eb1b2dc";1;1;1
7;"Bintang Fajar Unip. Lda.";"";"";"";"";"";"";"";"";"";"";1;"2023-03-18 07:17:11.635915";"8f14e45fceea167a5a36dedd4bea2543";1;1;1
8;"Cadoras Unip. Lda.";"";"";"";"";"";"";"";"";"";"";1;"2023-03-18 07:32:26.809838";"c9f0f895fb98ab9159f51fd0297e236d";1;1;1
9;"Bernabad Arquirectura SLP Lda.";"";"";"";"";"";"";"";"";"";"";1;"2023-03-18 07:36:25.880029";"45c48cce2e2d7fbdea1afc51c7c6ad26";1;1;1
10;"Ryzena Unip. Lda.";"";"";"";"";"";"";"";"";"";"";1;"2023-03-18 07:37:19.760066";"d3d9446802a44259755d38e6d163e820";1;1;1
11;"Clardel Interprise Unip. Lda.";"";"";"";"";"";"";"";"";"";"";1;"2023-03-18 07:42:58.957913";"6512bd43d9caa6e02c990b0a82652dca";1;1;1
12;"Betua Calda Unip. Lda.";"";"";"";"";"";"";"";"";"";"";1;"2023-03-18 07:47:21.853441";"c20ad4d76fe97759aa27a0c99bff6710";1;1;1
13;"Fikikay Unip. Lda.";"";"";"";"";"";"";"";"";"";"";1;"2023-03-18 07:50:21.792789";"c51ce410c124a10e0db5e4b97fc2af39";1;1;1
14;"Komi Ara Unip. Lda.";"";"";"";"";"";"";"";"";"";"";1;"2023-03-18 07:59:26.627694";"aab3238922bcc25a6f606eb525ffdc56";1;1;1
15;"Fin-Los Unip. Lda.";"";"";"";"";"";"";"";"";"";"";1;"2023-03-18 08:03:31.073599";"9bf31c7ff062936a96d3c8bd1f8f2ff3";1;1;1
16;"Mafra Consultant Tecnico e Engenaria Unip. Lda.";"";"";"";"";"";"";"";"";"";"";1;"2023-03-18 08:03:57.688957";"c74d97b01eae257e44aa9d5bade97baf";1;1;1
17;"Werenek Unip. Lda.";"";"";"";"";"";"";"";"";"";"";1;"2023-03-18 08:05:11.817366";"70efdf2ec9b086079795c442636b55fb";1;1;1
18;"Island Orien Unip. Lda.";"";"";"";"";"";"";"";"";"";"";1;"2023-03-18 08:13:20.922347";"6f4922f45568161a8cdf4ad2299f6d23";1;1;1
19;"TPF Timor Lda.";"";"";"";"";"";"";"";"";"";"";1;"2023-03-18 08:18:32.885355";"1f0e3dad99908345f7439f8ffabdffc4";1;1;1
20;"Mapetil Lda.";"";"";"";"";"";"";"";"";"";"";1;"2023-03-18 08:21:39.217996";"98f13708210194c475687be6106a3b84";1;1;1
21;"Sali-Magu Unip. Lda.";"";"";"";"";"";"";"";"";"";"";1;"2023-03-18 08:32:59.589391";"3c59dc048e8850243be8079a5c74d079";1;1;1
22;"Vigor Consultant";"";"";"";"";"";"";"";"";"";"";1;"2023-03-18 08:35:18.535382";"b6d767d2f8ed5d21a44b0e5886680cb9";1;1;1
23;"PT. Pandu Persada";"";"";"";"";"";"";"";"";"";"";1;"2023-03-18 08:35:40.733990";"37693cfc748049e45d87b8c7d8b9aacd";1;1;1
24;"Haut Dairam Unip. Lda.";"";"";"";"";"";"";"";"";"";"";1;"2023-03-18 08:36:13.563077";"1ff1de774005f8da13f42943881c655f";1;1;1
25;"Riabile Unip. Lda.";"";"";"";"";"";"";"";"";"";"";1;"2023-03-18 08:40:03.111347";"8e296a067a37563370ded05f5a3bf3ec";1;1;1
26;"Mardiromig Viqsam Unip. Lda.";"";"";"";"";"";"";"";"";"";"";1;"2023-03-18 08:44:28.632328";"4e732ced3463d06de0ca9a15b6153677";1;1;1
27;"Loskabubu Unip. Lda.";"";"";"";"";"";"";"";"";"";"";1;"2023-03-18 08:50:18.927811";"02e74f10e0327ad868d138f2b4fdd6f0";1;1;1
28;"Aureum Solis Unip. Lda.";"";"";"";"";"";"";"";"";"";"";1;"2023-03-18 09:03:58.675091";"33e75ff09dd601bbe69f351039152189";1;1;1
29;"PT. Bikarma";"";"";"";"";"";"";"";"";"";"";1;"2023-03-18 09:04:16.663707";"6ea9ab1baa0efb9e19094440c317e21b";1;1;1
30;"Andrew Unip. Lda.";"";"";"";"";"";"";"";"";"";"";1;"2023-03-18 09:30:18.691235";"34173cb38f07f89ddbebc2ac9128303f";1;1;1
31;"Sinar Satelite Unip. Lda.";"";"";"";"";"";"";"";"";"";"";1;"2023-03-18 09:36:45.549593";"c16a5320fa475530d9583c34fd356ef5";1;1;1
32;"Crown Unip. Lda.";"";"";"";"";"";"";"";"";"";"";1;"2023-03-18 10:12:16.851832";"6364d3f0f495b6ab9dcf8d3b5c6e0b01";1;1;1
33;"Dhivanna Unip. Lda.";"";"";"";"";"";"";"";"";"";"";1;"2023-03-18 10:28:26.995790";"182be0c5cdcd5072bb1864cdee4d3d6e";1;1;1
34;"Drito Solution Lda.";"";"";"";"";"";"";"";"";"";"";1;"2023-03-18 10:59:20.655869";"e369853df766fa44e1ed0ff613f563bd";1;1;1
35;"Bragtojul Unip. Lda.";"";"";"";"";"";"";"";"";"";"";1;"2023-03-18 11:09:55.673339";"1c383cd30b7c298ab50293adfecb7b18";1;1;1
36;"PT. Decont Mitra Consolindo";"";"";"";"";"";"";"";"";"";"";1;"2023-03-18 11:10:11.751829";"19ca14e7ea6328a42e0eb13d585e4c22";1;1;1
37;"Daughters of Mary Help of Christians";"";"";"";"";"";"";"";"";"";"";1;"2023-03-18 11:27:35.409223";"a5bfc9e07964f8dddeb95fc584cd965d";1;1;1
38;"Consultant & Engineering Intercontinental Unip. Lda";"";"";"";"";"";"";"";"";"";"";1;"2023-03-18 11:27:52.685302";"a5771bce93e200c36f7cd9dfd0e5deaa";1;1;1
39;"Wan Husin & ACC SDN BHD";"";"";"";"";"";"";"";"";"";"";1;"2023-03-18 11:28:08.658632";"d67d8ab4f4c10bf22aa353e27879133c";1;1;1
40;"East Digital Unip. Lda.";"";"";"";"";"";"";"";"";"";"";1;"2023-03-18 11:32:36.155207";"d645920e395fedad7bbbed0eca3fe2e0";1;1;1
41;"Dapur Sei Lda.";"";"";"";"";"";"";"";"";"";"";1;"2023-03-18 11:36:47.495025";"3416a75f4cea9109507cacd8e2f2aefc";1;1;1
42;"Edzores83 JP Unip. Lda.";"";"";"";"";"";"";"";"";"";"";1;"2023-03-18 11:39:29.642992";"a1d0c6e83f027327d8461063f4ac58a6";1;1;1
43;"Hatutan Moris Unip. Lda.";"";"";"";"";"";"";"";"";"";"";1;"2023-03-19 01:41:31.892130";"17e62166fc8586dfa4d1bc0e1742c08b";1;1;1
44;"Manoko Unip. Lda.";"";"";"";"";"";"";"";"";"";"";1;"2023-03-19 01:47:00.416327";"f7177163c833dff4b38fc8d2872f1ec6";1;1;1
45;"J21 Jordanito Unip. Lda.";"";"";"";"";"";"";"";"";"";"";1;"2023-03-19 03:53:19.232714";"6c8349cc7260ae62e3b1396831a8398f";1;1;1
46;"Kay Megi Lara Unip. Lda.";"";"";"";"";"";"";"";"";"";"";1;"2023-03-19 03:53:38.170301";"d9d4f495e875a2e075a1a4a6e1b9770f";1;1;1
47;"Leader Lda.";"";"";"";"";"";"";"";"";"";"";1;"2023-03-19 03:54:00.947695";"67c6a1e7ce56d3d6fa748ab6d9af3fd7";1;1;1
48;"Lidrinha Silso Unip. Lda.";"";"";"";"";"";"";"";"";"";"";1;"2023-03-19 03:54:11.847929";"642e92efb79421734881b53e1e1b18b6";1;1;1
49;"LNG Unip. Lda.";"";"";"";"";"";"";"";"";"";"";1;"2023-03-19 03:54:23.702555";"f457c545a9ded88f18ecee47145a72c0";1;1;1
50;"Mercury Center Unip. Lda.";"";"";"";"";"";"";"";"";"";"";1;"2023-03-19 03:54:34.852273";"c0c7c76d30bd3dcaefc96f40275bdc0a";1;1;1
51;"Paratrizel Unip. Lda";"";"";"";"";"";"";"";"";"";"";1;"2023-03-19 03:54:46.853547";"2838023a778dfaecdc212708f721b788";1;1;1
52;"Pin Unip. Lda.";"";"";"";"";"";"";"";"";"";"";1;"2023-03-19 03:55:08.440027";"9a1158154dfa42caddbd0694a4e9bdc8";1;1;1
53;"Rredi Unip. Lda.";"";"";"";"";"";"";"";"";"";"";1;"2023-03-19 03:55:32.846785";"d82c8d1619ad8176d665453cfb2e55f0";1;1;1
54;"Rose Gold Unip. Lda.";"";"";"";"";"";"";"";"";"";"";1;"2023-03-19 05:43:58.540217";"a684eceee76fc522773286a895bc8436";1;1;1
55;"Sampala Unip. Lda.";"";"";"";"";"";"";"";"";"";"";1;"2023-03-19 05:44:18.960680";"b53b3a3d6ab90ce0268229151c9bde11";1;1;1
56;"Trapesium Lda.";"";"";"";"";"";"";"";"";"";"";1;"2023-03-19 05:44:40.023605";"9f61408e3afb633e50cdf1b20de6f466";1;1;1
57;"Vanessa Unip. Lda.";"";"";"";"";"";"";"";"";"";"";1;"2023-03-19 05:44:52.701417";"72b32a1f754ba1c09b3695e0cb6cde7f";1;1;1
58;"Visimitra Unip. Lda.";"";"";"";"";"";"";"";"";"";"";1;"2023-03-19 05:45:13.708428";"66f041e16a60928b05a7e228a89c3799";1;1;1
59;"Carisan Bonansa Unip. Lda.";"";"";"";"";"";"";"";"";"";"";1;"2023-03-19 06:08:33.834835";"093f65e080a295f8076b1c5722a46aa2";1;1;1
60;"Claridade Unip. Lda.";"";"";"";"";"";"";"";"";"";"";1;"2023-03-19 06:13:02.810680";"072b030ba126b2f4b2374f342be9ed44";1;1;1
61;"DB Ingracia Unip. Lda.";"";"";"";"";"";"";"";"";"";"";1;"2023-03-19 06:17:42.985659";"7f39f8317fbdb1988ef4c628eba02591";1;1;1
62;"Delta Nova Junior Lda.";"";"";"";"";"";"";"";"";"";"";1;"2023-03-19 06:21:20.275645";"44f683a84163b3523afe57c2e008bc8c";1;1;1
63;"Dini Kede Unip. Lda.";"";"";"";"";"";"";"";"";"";"";1;"2023-03-19 06:24:58.257202";"03afdbd66e7929b125f8597834fa83a4";1;1;1
64;"Fatbui Joes Unip. Lda.";"";"";"";"";"";"";"";"";"";"";1;"2023-03-19 06:28:01.981706";"ea5d2f1c4608232e07d3aa3d998e5135";1;1;1
65;"Fozu Unip. Lda.";"";"";"";"";"";"";"";"";"";"";1;"2023-03-19 06:31:10.154402";"fc490ca45c00b1249bbe3554a4fdf6fb";1;1;1
66;"Futuru Mane Mesak Unip. Lda.";"";"";"";"";"";"";"";"";"";"";1;"2023-03-19 06:50:35.565990";"3295c76acbf4caaed33c36b1b5fc2cb1";1;1;1
67;"Harmep Kirana Unip. Lda.";"";"";"";"";"";"";"";"";"";"";1;"2023-03-19 06:56:55.508818";"735b90b4568125ed6c3f678819b6e058";1;1;1
68;"Detile Unip. Lda. In Asso W/ PDP UTEK (M) SDN BHD";"";"";"";"";"";"";"";"";"";"";1;"2023-03-19 10:26:04.219136";"a3f390d88e4c41f2747bfa2f1b5f87db";1;1;1
69;"Jatono Unip. Lda.";"";"";"";"";"";"";"";"";"";"";1;"2023-03-19 12:21:18.270222";"14bfa6bb14875e45bba028a21ed38046";1;1;1
70;"Joelamor Unip. Lda.";"";"";"";"";"";"";"";"";"";"";1;"2023-03-19 12:25:24.409339";"7cbbc409ec990f19c78c75bd1e06f215";1;1;1
71;"Katuas Patricio Lda.";"";"";"";"";"";"";"";"";"";"";1;"2023-03-19 12:39:36.631585";"e2c420d928d4bf8ce0ff2ec19b371514";1;1;1
72;"Leotylia Enterprises Lda.";"";"";"";"";"";"";"";"";"";"";1;"2023-03-19 12:44:54.997242";"32bb90e8976aab5298d5da10fe66f21d";1;1;1
73;"Lifran Unip. Lda.";"";"";"";"";"";"";"";"";"";"";1;"2023-03-19 12:47:27.925620";"d2ddea18f00665ce8623e36bd4e3c7c5";1;1;1
74;"Mexa Unip. Lda. -";"";"";"";"";"";"";"";"";"";"";1;"2023-03-19 12:49:56.312217";"ad61ab143223efbc24c7d2583be69251";1;1;1
75;"Nheu Unip. Lda.";"";"";"";"";"";"";"";"";"";"";1;"2023-03-19 12:53:05.024032";"d09bf41544a3365a46c9077ebb5e35c3";1;1;1
76;"Prudencia Construction Unip. Lda.";"";"";"";"";"";"";"";"";"";"";1;"2023-03-19 12:55:29.048923";"fbd7939d674997cdb4692d34de8633c4";1;1;1
77;"Rafio Unip. Lda.";"";"";"";"";"";"";"";"";"";"";1;"2023-03-19 12:57:58.505393";"28dd2c7955ce926456240b2ff0100bde";1;1;1
78;"Sevestardini Unip. Lda";"";"";"";"";"";"";"";"";"";"";1;"2023-03-19 13:01:25.276807";"35f4a8d465e6e1edc05f3d8ab658c551";1;1;1
79;"Jufado Unip. Lda.";"";"";"";"";"";"";"";"";"";"";1;"2023-03-19 13:02:28.447493";"d1fe173d08e959397adf34b1d77e88d7";1;1;1
80;"Sorte Nevis Unip. Lda.";"";"";"";"";"";"";"";"";"";"";1;"2023-03-19 13:06:38.940265";"f033ab37c30201f73f142449d037028d";1;1;1
81;"Sembuhan Unip. Lda.";"";"";"";"";"";"";"";"";"";"";1;"2023-03-19 13:06:48.901815";"43ec517d68b6edd3015b3edc9a11367b";1;1;1
82;"Unidade Unip. Lda.";"";"";"";"";"";"";"";"";"";"";1;"2023-03-19 13:10:06.245851";"9778d5d219c5080b9a6a17bef029331c";1;1;1
83;"Hilobadi Consultant";"";"";"";"";"";"";"";"";"";"";1;"2023-03-20 05:18:46.225431";"fe9fc289c3ff0af142b6d3bead98a923";1;1;1
84;"PT. Siar Plan";"";"";"";"";"";"";"";"";"";"";1;"2023-03-20 05:18:52.341559";"68d30a9594728bc39aa24be94b319d21";1;1;1
85;"Kiat Unip. Lda.";"";"";"";"";"";"";"";"";"";"";1;"2023-03-20 06:51:40.938126";"3ef815416f775098fe977004015c6193";1;1;1
86;"PT Purnajasa Bimapratama";"";"";"";"";"";"";"";"";"";"";1;"2023-03-20 06:51:51.851137";"93db85ed909c13838ff95ccfa94cebd9";1;1;1
87;"Lelo Engineering Unip. Lda.";"";"";"";"";"";"";"";"";"";"";1;"2023-03-20 07:20:29.582477";"c7e1249ffc03eb9ded908c236bd1996d";1;1;1
88;"PT. Multi Karadiguna Jasa";"";"";"";"";"";"";"";"";"";"";1;"2023-03-20 07:20:50.005228";"2a38a4a9316c49e5a833517c45d31070";1;1;1
89;"PT. Cipta Design Indonesia";"";"";"";"";"";"";"";"";"";"";1;"2023-03-20 07:21:06.196730";"7647966b7343c29048673252e490f736";1;1;1
90;"Niceles Consultant Lda.";"";"";"";"";"";"";"";"";"";"";1;"2023-03-20 07:28:48.588307";"8613985ec49eb8f757ae6439e879bb2a";1;1;1
91;"Raya Consulting Lda.";"";"";"";"";"";"";"";"";"";"";1;"2023-03-20 07:49:34.813957";"54229abfcfa5649e7003b83dd4755294";1;1;1
92;"Triangle Architech Consultant Lda.";"";"";"";"";"";"";"";"";"";"";1;"2023-03-21 00:14:48.899945";"92cc227532d17e56e07902b254dfad10";1;1;1
93;"ATT Consult. Co. Ltd.";"";"";"";"";"";"";"";"";"";"";1;"2023-03-21 00:14:56.964749";"98dce83da57b0395e163467c9dae521b";1;1;1
94;"TEAM Consulting and Management PCL ATT Consultants Co. Ltd.";"";"";"";"";"";"";"";"";"";"";1;"2023-03-21 00:15:03.675911";"f4b9ec30ad9f68f89b29639786cb62ef";1;1;1
95;"Ailesu Unip. Lda.";"";"";"";"";"";"";"";"";"";"";1;"2023-03-21 00:26:11.652205";"812b4ba287f5ee0bc9d43bbf5bbe87fb";1;1;1
96;"Aspalink Lda.";"";"";"";"";"";"";"";"";"";"";1;"2023-03-21 00:31:23.925103";"26657d5ff9020d2abefe558796b99584";1;1;1
97;"Vox da Vinci Consulting Engineering Unip. Lda.";"";"";"";"";"";"";"";"";"";"";1;"2023-03-21 00:32:36.508925";"e2ef524fbf3d9fe611d5a8e90fefdc9c";1;1;1
98;"PT ITS Tekno Sains";"";"";"";"";"";"";"";"";"";"";1;"2023-03-21 00:46:29.129511";"ed3d2c21991e3bef5e069713af9fa6ca";1;1;1
99;"Mgiel Extractive Industries Professional Engineering Unip. Lda.";"";"";"";"";"";"";"";"";"";"";1;"2023-03-21 00:46:43.903965";"ac627ab1ccbdb62ec96e702f07f6425b";1;1;1
100;"Alifa Pereira Unip. Lda.";"";"";"";"";"";"";"";"";"";"";1;"2023-03-21 00:49:36.468210";"f899139df5e1059396431415e770c6dd";1;1;1
101;"Hedge Construction Unip. Lda.";"";"";"";"";"";"";"";"";"";"";1;"2023-03-21 01:21:13.290773";"38b3eff8baf56627478ec76a704e9b52";1;1;1
102;"Jor-K9 Unip. Lda.";"";"";"";"";"";"";"";"";"";"";1;"2023-03-21 01:59:46.230339";"ec8956637a99787bd197eacd77acce5e";1;1;1
103;"Ladiza Adiza JT Unip. Lda.";"";"";"";"";"";"";"";"";"";"";1;"2023-03-21 02:10:54.763844";"6974ce5ac660610b44d9b9fed0ff9548";1;1;1
104;"Rosario Lda.";"";"";"";"";"";"";"";"";"";"";1;"2023-03-21 02:17:42.215188";"c9e1074f5b3f9fc8ea15d152add07294";1;1;1
105;"Santana Diak Unip. Lda.";"";"";"";"";"";"";"";"";"";"";1;"2023-03-21 02:43:16.980087";"65b9eea6e1cc6bb9f0cd2a47751a186f";1;1;1
106;"Sanford Construction Unip. Lda.";"";"";"";"";"";"";"";"";"";"";1;"2023-03-21 02:45:34.241492";"f0935e4cd5920aa6c7c996a5ee53a70f";1;1;1
107;"Telafinosegra Unip. Lda.";"";"";"";"";"";"";"";"";"";"";1;"2023-03-21 03:00:33.637213";"a97da629b098b75c294dffdc3e463904";1;1;1
108;"Montana Diak Unip. Lda.";"";"";"";"";"";"";"";"";"";"";1;"2023-03-21 03:29:25.708820";"a3c65c2974270fd093ee8a9bf8ae7d0b";1;1;1
109;"Monte Veado Unip. Lda.";"";"";"";"";"";"";"";"";"";"";1;"2023-03-21 03:39:04.853789";"2723d092b63885e0d7c260cc007e8b9d";1;1;1
110;"Natureza Timor Naroman (NTN) Lda.";"";"";"";"";"";"";"";"";"";"";1;"2023-03-21 06:07:38.505024";"5f93f983524def3dca464469d2cf9f3e";1;1;1
111;"Star King Construcao Unip. Lda.";"";"";"";"";"";"";"";"";"";"";1;"2023-03-21 06:24:26.893227";"698d51a19d8a121ce581499d7b701668";1;1;1
112;"Tinolina Unip. Lda.";"";"";"";"";"";"";"";"";"";"";1;"2023-03-21 06:29:09.458671";"7f6ffaa6bb0b408017b62254211691b5";1;1;1
113;"Banir Lema Unip. Lda.";"";"";"";"";"";"";"";"";"";"";1;"2023-03-21 13:01:33.711301";"73278a4a86960eeb576a8fd4c9ec6997";1;1;1
114;"Delatina Unip. Lda.";"";"";"";"";"";"";"";"";"";"";1;"2023-03-21 13:02:56.975761";"5fd0b37cd7dbbb00f97ba6ce92bf5add";1;1;1
115;"Delong Unip. Lda.";"";"";"";"";"";"";"";"";"";"";1;"2023-03-21 13:03:20.052876";"2b44928ae11fb9384c4cf38708677c48";1;1;1
116;"Costa Key Unip. Lda.";"";"";"";"";"";"";"";"";"";"";1;"2023-03-21 13:04:05.683243";"c45147dee729311ef5b5c3003946c48f";1;1;1
117;"Hatu - Wari Unip. Lda.";"";"";"";"";"";"";"";"";"";"";1;"2023-03-21 13:05:01.754093";"eb160de1de89d9058fcb0b968dbbbd68";1;1;1
118;"Juniga Unip. Lda.";"";"";"";"";"";"";"";"";"";"";1;"2023-03-21 13:06:18.006693";"5ef059938ba799aaa845e1c2e8a762bd";1;1;1
119;"Kevkel Brother Unip. Lda.";"";"";"";"";"";"";"";"";"";"";1;"2023-03-21 13:06:47.863712";"07e1cd7dca89a1678042477183b7ac3f";1;1;1
120;"Lamegua Star. Lda.";"";"";"";"";"";"";"";"";"";"";1;"2023-03-21 13:07:22.724196";"da4fb5c6e93e74d3df8527599fa62642";1;1;1
121;"Lesu Boro Unip. Lda.";"";"";"";"";"";"";"";"";"";"";1;"2023-03-21 13:07:47.528721";"4c56ff4ce4aaf9573aa5dff913df997a";1;1;1
122;"My Friend Unip. Lda.";"";"";"";"";"";"";"";"";"";"";1;"2023-03-21 13:08:13.107170";"a0a080f42e6f13b3a2df133f073095dd";1;1;1
123;"Rozi Construction Unip. Lda.";"";"";"";"";"";"";"";"";"";"";1;"2023-03-29 00:02:04.821179";"202cb962ac59075b964b07152d234b70";1;1;1
124;"Rozi Construction Unip. Lda.";"";"";"";"";"";"";"";"";"";"";1;"2023-03-29 00:02:05.273471";"c8ffe9a587b126f152ed3d89a146b445";1;1;1
125;"Chacailala Unip. Lda.";"";"";"";"";"";"";"";"";"";"";1;"2023-03-29 00:16:37.299995";"3def184ad8f4755ff269862ea77393dd";1;1;1
126;"Juga Te Figa Unip. Lda.";"";"";"";"";"";"";"";"";"";"";1;"2023-03-29 00:22:20.851961";"069059b7ef840f0c74a814ec9237b6ec";1;1;1
127;"Contract Amendment No. 1";"";"";"";"";"";"";"";"";"";"";1;"2023-03-29 00:26:00.449333";"ec5decca5ed3d6b8079e2e7e7bacc9f2";1;1;1
128;"As Jazesia  Unip. Lda.";"";"";"";"";"";"";"";"";"";"";1;"2023-03-29 00:27:08.232334";"76dc611d6ebaafc66cc0879c71b5db5c";1;1;1
129;"Adahiak Orlao Unip. Lda.";"";"";"";"";"";"";"";"";"";"";1;"2023-03-29 00:35:40.812903";"d1f491a404d6854880943e5c3cd9ca25";1;1;1
130;"Sun Rise Golden Construction 02 Lda.";"";"";"";"";"";"";"";"";"";"";1;"2023-03-29 00:39:02.161986";"9b8619251a19057cff70779273e95aa6";1;1;1
131;"Gimso Brother's Unip. Lda.";"";"";"";"";"";"";"";"";"";"";1;"2023-03-29 00:45:34.768549";"1afa34a7f984eeabdbb0a7d494132ee5";1;1;1
132;"JV Heavy Duty Service Unip. Lda.";"";"";"";"";"";"";"";"";"";"";1;"2023-03-29 00:46:15.472993";"65ded5353c5ee48d0b7d48c591b8f430";1;1;1
133;"JV Heavy Duty Service Unip. Lda.";"";"";"";"";"";"";"";"";"";"";1;"2023-03-29 00:46:28.902372";"9fc3d7152ba9336a670e36d0ed79bc43";1;1;1
134;"Manufahi Ki'ik Unip. Lda.";"";"";"";"";"";"";"";"";"";"";1;"2023-03-29 00:50:30.105351";"02522a2b2726fb0a03bb19f2d8d9524d";1;1;1
135;"Davinci Construction Unip. Lda.";"";"";"";"";"";"";"";"";"";"";1;"2023-03-30 04:31:42.599562";"7f1de29e6da19d22b51c68001e7e0e54";1;1;1
136;"Regules Jeje Unip. Lda.";"";"";"";"";"";"";"";"";"";"";1;"2023-03-30 04:49:34.181733";"42a0e188f5033bc65bf8d78622277c4e";1;1;1
137;"Roman Grigio Unip. Lda.";"";"";"";"";"";"";"";"";"";"";1;"2023-04-01 08:27:07.144598";"3988c7f88ebcb58c6ce932b957b6f332";1;1;1
138;"Dira Nova Unip. Lda.";"";"";"";"";"";"";"";"";"";"";1;"2023-04-01 08:43:18.181293";"013d407166ec4fa56eb1e1f8cbe183b9";1;0;0
139;"Egana Unip. Lda.";"";"";"";"";"";"";"";"";"";"";1;"2023-04-01 09:19:35.580372";"e00da03b685a0dd18fb6a08af0923de0";1;1;1
140;"Jomarjo Unip. Lda.";"";"";"";"";"";"";"";"";"";"";1;"2023-04-01 09:40:57.895462";"1385974ed5904a438616ff7bdb3f7439";1;1;1
141;"PT. Duta Graha";"";"";"";"";"";"";"";"";"";"";1;"2023-04-25 16:48:50.807879";"0f28b5d49b3020afeecd95b4009adf4c";1;1;1
142;"Suai Indah Const Lda";"";"";"";"";"";"";"";"";"";"";1;"2023-04-25 16:49:08.478548";"a8baa56554f96369ab93e4f3bb068c22";1;1;1
143;"ENSUL ENGENHARIA S.A.";"";"";"";"";"";"";"";"";"";"";1;"2023-04-25 16:49:21.550475";"903ce9225fca3e988c2af215d4e544d3";1;1;1
144;"KATAHIRA & ENGINEERS INTERNATIONAL";"";"";"";"";"";"";"";"";"";"";1;"2023-04-25 16:49:34.968185";"0a09c8844ba8f0936c20bd791130d6b6";1;1;1
145;"Aldepo Murak Unip,Lda";"";"";"";"";"";"";"";"";"";"";1;"2023-04-25 16:49:58.797372";"2b24d495052a8ce66358eb576b8912c8";1;1;1
146;"Cadila Supplie Unip,Lda";"";"";"";"";"";"";"";"";"";"";1;"2023-04-25 16:50:18.563306";"a5e00132373a7031000fd987a3c9f87b";1;1;1
147;"Camlai Unip,Lda";"";"";"";"";"";"";"";"";"";"";1;"2023-04-25 16:50:33.284359";"8d5e957f297893487bd98fa830fa6413";1;1;1
148;"Inaziju";"";"";"";"";"";"";"";"";"";"";1;"2023-04-25 16:50:42.765682";"47d1e990583c9c67424d369f3414728e";1;1;1
149;"Modena Tecnic Unipessoal Lda";"";"";"";"";"";"";"";"";"";"";1;"2023-04-25 16:50:52.074568";"f2217062e9a397a1dca429e7d70bc6ca";1;1;1
150;"Hailala Unip.Lda";"";"";"";"";"";"";"";"";"";"";1;"2023-04-25 16:51:14.080796";"7ef605fc8dba5425d6965fbd4c8fbe1f";1;1;1
151;"Philcoei International, Inc. In JV with Luis and Associates, Co";"";"";"";"";"";"";"";"";"";"";1;"2023-04-25 16:51:24.212794";"a8f15eda80c50adb0e71943adc8015cf";1;1;1
152;"Franam Lindo Unip. Lda";"";"";"";"";"";"";"";"";"";"";1;"2023-04-25 16:51:52.510211";"37a749d808e46495a8da1e5352d03cae";1;1;1
153;"Perekiki, Unipessoal Lda";"";"";"";"";"";"";"";"";"";"";1;"2023-04-25 16:52:02.135396";"b3e3e393c77e35a4a3f3cbd1e429b5dc";1;1;1
154;"Karakuta Unip Lda";"";"";"";"";"";"";"";"";"";"";1;"2023-04-25 16:52:11.309970";"1d7f7abc18fcb43975065399b0d1e48e";1;1;1
155;"Sangus I Unipessoal Lda";"";"";"";"";"";"";"";"";"";"";1;"2023-04-25 16:52:25.371701";"2a79ea27c279e471f4d180b08d62b00a";1;1;1
156;"Hidayat Unipessoal Lda";"";"";"";"";"";"";"";"";"";"";1;"2023-04-25 16:52:39.158838";"1c9ac0159c94d8d0cbedc973445af2da";1;1;1
157;"Mendith  Unip. Lda";"";"";"";"";"";"";"";"";"";"";1;"2023-04-25 16:52:58.172707";"6c4b761a28b734fe93831e3fb400ce87";1;1;1
158;"R.D Interior Junior Construction / Hebei Road and Bridge Group";"";"";"";"";"";"";"";"";"";"";1;"2023-04-25 16:53:07.464960";"06409663226af2f3114485aa4e0a23b4";1;1;1
159;"China Nuclear Industry 22ND Construction Co; LTD";"";"";"";"";"";"";"";"";"";"";1;"2023-04-25 16:57:59.550993";"140f6969d5213fd0ece03148e62e461e";1;1;1
160;"Sinotech Engineering Consultant";"";"";"";"";"";"";"";"";"";"";1;"2023-04-25 16:58:19.851757";"b73ce398c39f506af761d2277d853a92";1;1;1
161;"Egis International In";"";"";"";"";"";"";"";"";"";"";1;"2023-04-25 17:05:41.557242";"bd4c9ab730f5513206b999ec0d90d1fb";1;1;1
162;"Egis International Indonesia";"";"";"";"";"";"";"";"";"";"";1;"2023-04-25 17:06:30.922713";"82aa4b0af34c2313a562076992e50aa3";1;1;1
163;"Chik Tete Unip. Lda";"";"";"";"";"";"";"";"";"";"";1;"2023-04-25 17:07:07.405048";"0777d5c17d4066b82ab86dff8a46af6f";1;1;1
164;"Reza";"";"";"";"";"";"";"";"";"";"";1;"2023-04-25 17:07:19.017155";"fa7cdfad1a5aaf8370ebeda47a1ff1c3";1;1;1
165;"Uatoos Unip. Lda";"";"";"";"";"";"";"";"";"";"";1;"2023-04-25 17:07:27.287913";"9766527f2b5d3e95d4a733fcfb77bd7e";1;1;1
166;"Lalaisi, Unip. Lda";"";"";"";"";"";"";"";"";"";"";1;"2023-04-25 17:07:37.102699";"7e7757b1e12abcb736ab9a754ffb617a";1;1;1
167;"Bieramor";"";"";"";"";"";"";"";"";"";"";1;"2023-04-25 17:07:57.929462";"5878a7ab84fb43402106c575658472fa";1;1;1
168;"Dhalelan,Unip.Lda";"";"";"";"";"";"";"";"";"";"";1;"2023-04-25 17:08:06.790895";"006f52e9102a8d3be2fe5614f42ba989";1;1;1
169;"Ferajota";"";"";"";"";"";"";"";"";"";"";1;"2023-04-25 17:08:14.571234";"3636638817772e42b59d74cff571fbb3";1;1;1
170;"Mabesi,Unip.Lda";"";"";"";"";"";"";"";"";"";"";1;"2023-04-25 17:08:33.009014";"149e9677a5989fd342ae44213df68868";1;1;1
171;"Soso Electrical Unip.Lda";"";"";"";"";"";"";"";"";"";"";1;"2023-04-25 17:08:43.965672";"a4a042cf4fd6bfb47701cbc8a1653ada";1;1;1
172;"Consorcio Unidos Genero, Lda";"";"";"";"";"";"";"";"";"";"";1;"2023-04-25 17:09:04.527785";"1ff8a7b5dc7a7d1f0ed65aaa29c04b1e";1;1;1
173;"Pereira, Unipessoal Lda";"";"";"";"";"";"";"";"";"";"";1;"2023-04-25 17:09:12.132953";"f7e6c85504ce6e82442c770f7c8606f0";1;1;1
174;"Nautetu I, II Unipessoal Lda";"";"";"";"";"";"";"";"";"";"";1;"2023-04-25 17:09:19.592699";"bf8229696f7a3bb4700cfddef19fa23f";1;1;1
175;"Helmi Construction Unipessoal Lda";"";"";"";"";"";"";"";"";"";"";1;"2023-04-25 17:09:28.176875";"82161242827b703e6acf9c726942a1e4";1;1;1
176;"Nimia Unip Lda";"";"";"";"";"";"";"";"";"";"";1;"2023-04-25 17:09:43.424501";"38af86134b65d0f10fe33d30dd76442e";1;1;1
177;"Nizixavane";"";"";"";"";"";"";"";"";"";"";1;"2023-04-25 17:09:51.309030";"96da2f590cd7246bbde0051047b0d6f7";1;1;1
178;"Fitun Diak Unip.Lda";"";"";"";"";"";"";"";"";"";"";1;"2023-04-25 17:09:59.934914";"8f85517967795eeef66c225f7883bdcb";1;1;1
179;"Alandio Tahame";"";"";"";"";"";"";"";"";"";"";1;"2023-04-25 17:10:07.026641";"8f53295a73878494e9bc8dd6c3c7104f";1;1;1
180;"Fu Unip,Lda";"";"";"";"";"";"";"";"";"";"";1;"2023-04-25 17:10:41.445486";"045117b0e0a11a242b9765e79cbf113f";1;1;1
181;"Jofi";"";"";"";"";"";"";"";"";"";"";1;"2023-04-25 17:10:47.912293";"fc221309746013ac554571fbd180e1c8";1;1;1
182;"Lifau Indah";"";"";"";"";"";"";"";"";"";"";1;"2023-04-25 17:10:54.162634";"4c5bde74a8f110656874902f07378009";1;1;1
183;"Betulala Unip. Lda";"";"";"";"";"";"";"";"";"";"";1;"2023-04-25 17:11:02.494873";"cedebb6e872f539bef8c3f919874e9d7";1;1;1
184;"Britas Unip. Lda";"";"";"";"";"";"";"";"";"";"";1;"2023-04-25 17:11:09.916465";"6cdd60ea0045eb7a6ec44c54d29ed402";1;1;1
185;"Busa.Lda";"";"";"";"";"";"";"";"";"";"";1;"2023-04-25 17:11:16.833729";"eecca5b6365d9607ee5a9d336962c534";1;1;1
186;"Cartilo Unipessoal.Lda";"";"";"";"";"";"";"";"";"";"";1;"2023-04-25 17:11:24.043670";"9872ed9fc22fc182d371c3e9ed316094";1;1;1
187;"Ceulaiju Unip. Lda";"";"";"";"";"";"";"";"";"";"";1;"2023-04-25 17:11:30.945931";"31fefc0e570cb3860f2a6d4b38c6490d";1;1;1
188;"Dediva Electrical Unip, Lda";"";"";"";"";"";"";"";"";"";"";1;"2023-04-25 17:11:36.915625";"9dcb88e0137649590b755372b040afad";1;1;1
189;"Derren Construction Unip.Lda.";"";"";"";"";"";"";"";"";"";"";1;"2023-04-25 17:11:43.862501";"a2557a7b2e94197ff767970b67041697";1;1;1
190;"Divita Unip. Lda";"";"";"";"";"";"";"";"";"";"";1;"2023-04-25 17:11:50.581714";"cfecdb276f634854f3ef915e2e980c31";1;1;1
191;"Embi Electrik  Unip.Lda";"";"";"";"";"";"";"";"";"";"";1;"2023-04-25 17:11:56.524796";"0aa1883c6411f7873cb83dacb17b0afc";1;1;1
192;"Eron Power, Lda";"";"";"";"";"";"";"";"";"";"";1;"2023-04-25 17:12:03.580720";"58a2fc6ed39fd083f55d4182bf88826d";1;1;1
193;"Foho Rua Unip. Lda";"";"";"";"";"";"";"";"";"";"";1;"2023-04-25 17:12:09.498381";"bd686fd640be98efaae0091fa301e613";1;1;1
194;"Funu Kolik Unip. Lda";"";"";"";"";"";"";"";"";"";"";1;"2023-04-25 17:12:15.960556";"a597e50502f5ff68e3e25b9114205d4a";1;1;1
195;"Habere Unip.lda";"";"";"";"";"";"";"";"";"";"";1;"2023-04-25 17:12:22.587060";"0336dcbab05b9d5ad24f4333c7658a0e";1;1;1
196;"Hawa-Ali Unip. Lda";"";"";"";"";"";"";"";"";"";"";1;"2023-04-25 17:12:31.877007";"084b6fbb10729ed4da8c3d3f5a3ae7c9";1;1;1
197;"Jmindo";"";"";"";"";"";"";"";"";"";"";1;"2023-04-25 17:12:38.066183";"85d8ce590ad8981ca2c8286f79f59954";1;1;1
198;"Joia Leste Unip. Lda";"";"";"";"";"";"";"";"";"";"";1;"2023-04-25 17:12:44.008366";"0e65972dce68dad4d52d063967f0a705";1;1;1
199;"Jonel Unip. Lda";"";"";"";"";"";"";"";"";"";"";1;"2023-04-25 17:12:50.870957";"84d9ee44e457ddef7f2c4f25dc8fa865";1;1;1
200;"Kakuit Jaya Unip Lda";"";"";"";"";"";"";"";"";"";"";1;"2023-04-25 17:12:56.924088";"3644a684f98ea8fe223c713b77189a77";1;1;1
201;"Ladamutu  Unip. Lda";"";"";"";"";"";"";"";"";"";"";1;"2023-04-25 17:13:03.286612";"757b505cfd34c64c85ca5b5690ee5293";1;1;1
202;"Lalenok Fronteira, unip.lda";"";"";"";"";"";"";"";"";"";"";1;"2023-04-25 17:13:10.882807";"854d6fae5ee42911677c739ee1734486";1;1;1
203;"Laxana Unip. Lda";"";"";"";"";"";"";"";"";"";"";1;"2023-04-25 17:13:16.735882";"e2c0be24560d78c5e599c2a9c9d0bbd2";1;1;1
204;"Lecora Unip. Lda";"";"";"";"";"";"";"";"";"";"";1;"2023-04-25 17:13:22.111205";"274ad4786c3abca69fa097b85867d9a4";1;1;1
205;"Lor Construction Unip. Lda";"";"";"";"";"";"";"";"";"";"";1;"2023-04-25 17:13:30.374036";"eae27d77ca20db309e056e3d2dcd7d69";1;1;1
206;"Lotas Unip., Lda";"";"";"";"";"";"";"";"";"";"";1;"2023-04-25 17:13:36.235734";"7eabe3a1649ffa2b3ff8c02ebfd5659f";1;1;1
207;"Lover Unip.Lda";"";"";"";"";"";"";"";"";"";"";1;"2023-04-25 17:13:43.150075";"69adc1e107f7f7d035d7baf04342e1ca";1;1;1
208;"Mania Unip, Lda";"";"";"";"";"";"";"";"";"";"";1;"2023-04-25 17:13:51.316348";"091d584fced301b442654dd8c23b3fc9";1;1;1
209;"Mantilo Unip., Lda";"";"";"";"";"";"";"";"";"";"";1;"2023-04-25 17:13:57.347311";"b1d10e7bafa4421218a51b1e1f1b0ba2";1;1;1
210;"Marvermelho co.Unip. Lda";"";"";"";"";"";"";"";"";"";"";1;"2023-04-25 17:14:03.150899";"6f3ef77ac0e3619e98159e9b6febf557";1;1;1
211;"Petaju Unip.Lda";"";"";"";"";"";"";"";"";"";"";1;"2023-04-25 17:14:09.150653";"eb163727917cbba1eea208541a643e74";1;1;1
212;"RG Unip. Lda";"";"";"";"";"";"";"";"";"";"";1;"2023-04-25 17:14:16.254749";"1534b76d325a8f591b52d302e7181331";1;1;1
213;"Ria Tu Unip. Lda";"";"";"";"";"";"";"";"";"";"";1;"2023-04-25 17:14:21.990810";"979d472a84804b9f647bc185a877a8b5";1;1;1
214;"Savana Unip. Lda";"";"";"";"";"";"";"";"";"";"";1;"2023-04-25 17:14:28.534926";"ca46c1b9512a7a8315fa3c5a946e8265";1;1;1
215;"Se-Mauhin Unip. Lda";"";"";"";"";"";"";"";"";"";"";1;"2023-04-25 17:14:34.428779";"3b8a614226a953a8cd9526fca6fe9ba5";1;1;1
216;"Sonalevi Unip. Lda";"";"";"";"";"";"";"";"";"";"";1;"2023-04-25 17:14:40.767332";"45fbc6d3e05ebd93369ce542e8f2322d";1;1;1
217;"Tasibala III Unip. Lda";"";"";"";"";"";"";"";"";"";"";1;"2023-04-25 17:14:47.299921";"63dc7ed1010d3c3b8269faf0ba7491d4";1;1;1
218;"Terolau Unip. Lda";"";"";"";"";"";"";"";"";"";"";1;"2023-04-25 17:14:55.097721";"e96ed478dab8595a7dbda4cbcbee168f";1;1;1
219;"Tuto Deni Unip. Lda";"";"";"";"";"";"";"";"";"";"";1;"2023-04-25 17:15:00.973882";"c0e190d8267e36708f955d7ab048990d";1;1;1
220;"Vairoque Unip., Lda";"";"";"";"";"";"";"";"";"";"";1;"2023-04-25 17:15:07.643014";"ec8ce6abb3e952a85b8551ba726a1227";1;1;1
221;"Develop Timor, Lda";"";"";"";"";"";"";"";"";"";"";1;"2023-04-25 17:15:32.701191";"060ad92489947d410d897474079c1477";1;1;1
222;"Consorcio Wee Horis Fronteira Lda";"";"";"";"";"";"";"";"";"";"";1;"2023-04-25 17:15:56.035001";"bcbe3365e6ac95ea2c0343a2395834dd";1;1;1
223;"Corcorcio Irloyvon, Lda";"";"";"";"";"";"";"";"";"";"";1;"2023-04-25 17:16:05.292257";"115f89503138416a242f40fb7d7f338e";1;1;1
224;"Mejori, Lda";"";"";"";"";"";"";"";"";"";"";1;"2023-04-25 17:16:11.491794";"13fe9d84310e77f13a6d184dbf1232f3";1;1;1
225;"Consorcio Naroman Covalima, Group Lda";"";"";"";"";"";"";"";"";"";"";1;"2023-04-25 17:16:18.084895";"d1c38a09acc34845c6be3a127a5aacaf";1;1;1
226;"Consorcio Lorico Covalima";"";"";"";"";"";"";"";"";"";"";1;"2023-04-25 17:16:25.486534";"9cfdf10e8fc047a44b08ed031e1f0ed1";1;1;1
227;"Consorcio Zemo Lda";"";"";"";"";"";"";"";"";"";"";1;"2023-04-25 17:16:31.787091";"705f2172834666788607efbfca35afb3";1;1;1
228;"Ruvic unip, lda";"";"";"";"";"";"";"";"";"";"";1;"2023-04-25 17:16:40.709778";"74db120f0a8e5646ef5a30154e9f6deb";1;1;1
229;"Uma Liurai unip, lda";"";"";"";"";"";"";"";"";"";"";1;"2023-04-25 17:16:46.236595";"57aeee35c98205091e18d1140e9f38cf";1;1;1
230;"Bihalutur Unip, lda";"";"";"";"";"";"";"";"";"";"";1;"2023-04-25 17:16:53.750103";"6da9003b743b65f4c0ccd295cc484e57";1;1;1
231;"Loke Matan unip, lda";"";"";"";"";"";"";"";"";"";"";1;"2023-04-25 17:16:59.000258";"9b04d152845ec0a378394003c96da594";1;1;1
232;"Caburela Unipessoal, Lda";"";"";"";"";"";"";"";"";"";"";1;"2023-04-25 17:17:05.122567";"be83ab3ecd0db773eb2dc1b0a17836a1";1;1;1
233;"Maun Alin Suai Unip Lda";"";"";"";"";"";"";"";"";"";"";1;"2023-04-25 17:17:12.312355";"e165421110ba03099a1c0393373c5b43";1;1;1
234;"Expres Distribution Services Unip. Lda";"";"";"";"";"";"";"";"";"";"";1;"2023-04-25 17:17:19.606136";"289dff07669d7a23de0ef88d2f7129e7";1;1;1
235;"Holgapa Lda";"";"";"";"";"";"";"";"";"";"";1;"2023-04-25 17:17:28.646484";"577ef1154f3240ad5b9b413aa7346a1e";1;1;1
236;"Consorcio Maumo Unip Lda";"";"";"";"";"";"";"";"";"";"";1;"2023-04-25 17:17:35.694406";"01161aaa0b6d1345dd8fe4e481144d84";1;1;1
237;"Bobolait Lda";"";"";"";"";"";"";"";"";"";"";1;"2023-04-25 17:17:48.042399";"539fd53b59e3bb12d203f45a912eeaf2";1;1;1
238;"Centeliziumen Unip. Lda";"";"";"";"";"";"";"";"";"";"";1;"2023-04-25 17:17:53.916020";"ac1dd209cbcc5e5d1c6e28598e8cbbe8";1;1;1
239;"Clardel Interprice Unip Lda";"";"";"";"";"";"";"";"";"";"";1;"2023-04-25 17:18:00.614786";"555d6702c950ecb729a966504af0a635";1;1;1
240;"Meteor Unip.Lda";"";"";"";"";"";"";"";"";"";"";1;"2023-04-25 17:18:07.791110";"335f5352088d7d9bf74191e006d8e24c";1;1;1
241;"Suai Indah Unipessoal Lda";"";"";"";"";"";"";"";"";"";"";1;"2023-04-25 17:18:14.860026";"f340f1b1f65b6df5b5e3f94d95b11daf";1;1;1
242;"SM Bark Technolgy Ltd";"";"";"";"";"";"";"";"";"";"";1;"2023-04-25 17:18:20.907871";"e4a6222cdb5b34375400904f03d8e6a5";1;1;1
243;"FANEKI UNIPESSOAL, LDA";"";"";"";"";"";"";"";"";"";"";1;"2023-04-25 17:18:27.522040";"cb70ab375662576bd1ac5aaf16b3fca4";1;1;1
244;"Sahan I Unip.Lda";"";"";"";"";"";"";"";"";"";"";1;"2023-04-25 17:18:34.872821";"9188905e74c28e489b44e954ec0b9bca";1;1;1
245;"Monte Sul Unip.Lda";"";"";"";"";"";"";"";"";"";"";1;"2023-04-25 17:18:40.853496";"0266e33d3f546cb5436a10798e657d97";1;1;1
246;"Tahu Cons. Unip. Lda";"";"";"";"";"";"";"";"";"";"";1;"2023-04-25 17:18:52.719289";"38db3aed920cf82ab059bfccbd02be6a";1;1;1
247;"Aplayana unip. Lda";"";"";"";"";"";"";"";"";"";"";1;"2023-04-25 17:19:08.562058";"3cec07e9ba5f5bb252d13f5f431e4bbb";1;1;1
248;"Rito Pu Unip. Lda.";"";"";"";"";"";"";"";"";"";"";1;"2023-04-25 17:19:18.399999";"621bf66ddb7c962aa0d22ac97d69b793";1;1;1
249;"Afabubo f. Unip Lda.";"";"";"";"";"";"";"";"";"";"";1;"2023-04-25 17:19:24.631838";"077e29b11be80ab57e1a2ecabb7da330";1;1;1
250;"Boru- Buty Unip.Lda";"";"";"";"";"";"";"";"";"";"";1;"2023-04-25 17:19:32.554741";"6c9882bbac1c7093bd25041881277658";1;1;1
251;"Aitemalau Unip. Lda";"";"";"";"";"";"";"";"";"";"";1;"2023-04-25 17:19:39.177727";"19f3cd308f1455b3fa09a282e0d496f4";1;1;1
252;"Terra Livre Unip. Lda";"";"";"";"";"";"";"";"";"";"";1;"2023-04-25 17:19:45.001384";"03c6b06952c750899bb03d998e631860";1;1;1
253;"Toba Beidasi Unip. Lda";"";"";"";"";"";"";"";"";"";"";1;"2023-04-25 17:19:50.887914";"c24cd76e1ce41366a4bbe8a49b02a028";1;1;1
254;"Shangai Construction Group Co.,Ltd";"";"";"";"";"";"";"";"";"";"";1;"2023-04-25 17:19:58.972784";"c52f1bd66cc19d05628bd8bf27af3ad6";1;1;1
255;"CINA WU YI CO.LTD";"";"";"";"";"";"";"";"";"";"";1;"2023-04-25 17:20:22.512342";"fe131d7f5a6b38b23cc967316c13dae2";1;1;1
256;"CBMI Construction Co. Lda";"";"";"";"";"";"";"";"";"";"";1;"2023-04-25 17:20:30.861797";"f718499c1c8cef6730f9fd03c8125cab";1;1;1
257;"Chongqing Roads Engineering";"";"";"";"";"";"";"";"";"";"";1;"2023-04-25 17:20:48.984672";"d96409bf894217686ba124d7356686c9";1;1;1
258;"Sinohidro corporation limited";"";"";"";"";"";"";"";"";"";"";1;"2023-04-25 17:21:31.085931";"502e4a16930e414107ee22b6198c578f";1;1;1
259;"Co. Cactus Unip. Lda";"";"";"";"";"";"";"";"";"";"";1;"2023-04-25 17:21:36.748538";"cfa0860e83a4c3a763a7e62d825349f7";1;1;1
260;"Hamutuk Unipessoal, Lda";"";"";"";"";"";"";"";"";"";"";1;"2023-04-25 17:21:42.765277";"a4f23670e1833f3fdb077ca70bbd5d66";1;1;1
261;"Colimeta Unip. Lda";"";"";"";"";"";"";"";"";"";"";1;"2023-04-25 17:21:56.235700";"b1a59b315fc9a3002ce38bbe070ec3f5";1;1;1
262;"Wingstone Const. Lda";"";"";"";"";"";"";"";"";"";"";1;"2023-04-25 17:22:14.110296";"36660e59856b4de58a219bcf4e27eba3";1;1;1
263;"PT. Putra Mas Pratama";"";"";"";"";"";"";"";"";"";"";1;"2023-04-25 17:22:23.593501";"8c19f571e251e61cb8dd3612f26d5ecf";1;1;1
264;"Consorcio Alkafer .Lda";"";"";"";"";"";"";"";"";"";"";1;"2023-04-25 17:22:33.842500";"d6baf65e0b240ce177cf70da146c8dc8";1;1;1
265;"ADP Unipessoal LDA (Timor-Leste)";"";"";"";"";"";"";"";"";"";"";1;"2023-04-25 17:22:48.793114";"e56954b4f6347e897f954495eab16a88";1;1;1
266;"Engidro Engineering Solutions, Lda (Portugal)";"";"";"";"";"";"";"";"";"";"";1;"2023-04-25 17:22:58.903090";"f7664060cc52bc6f3d620bcedc94a4b6";1;1;1
267;"Delta Mola Unip,lda";"";"";"";"";"";"";"";"";"";"";1;"2023-04-25 17:23:08.174399";"eda80a3d5b344bc40f3bc04f65b7a357";1;1;1
268;"Aisel Girasol Unip. Lda.";"";"";"";"";"";"";"Nacional";"";"";"";1;"2023-05-15 07:33:58.358654";"8f121ce07d74717e0b1f21d122e04521";1;6;0
269;"Auto Timor Leste Lda.";"";"";"";"";"";"";"Nacional";"";"";"";1;"2023-05-17 01:34:34.078028";"06138bc5af6023646ede0e1f7c1eac75";1;6;0
270;"2MIL2 Unip. Lda.";"";"";"";"";"";"";"";"";"";"";1;"2023-05-26 06:31:23.891841";"39059724f73a9969845dfe4146c5660e";1;1;1
271;"A Voz de Suara Timor Lorosae Lda.";"";"";"";"";"";"";"";"";"";"";1;"2023-05-26 06:31:34.304749";"7f100b7b36092fb9b06dfb4fac360931";1;1;1
272;"Aisel Girasol Unip. Lda.";"";"";"";"";"";"";"";"";"";"";1;"2023-05-26 06:31:46.479294";"7a614fd06c325499f1680b9896beedeb";1;1;1
273;"Aitula Fuel Lda.";"";"";"";"";"";"";"";"";"";"";1;"2023-05-26 07:41:34.694073";"4734ba6f3de83d861c3176a6273cac6d";1;1;1
274;"Apirey Conquistar Unip. Lda.";"";"";"";"";"";"";"";"";"";"";1;"2023-05-26 07:41:46.933246";"d947bf06a885db0d477d707121934ff8";1;1;1
275;"Arfak Technology Lda.";"";"";"";"";"";"";"";"";"";"";1;"2023-05-26 07:42:23.132621";"63923f49e5241343aa7acb6a06a751e7";1;1;1
276;"Arlindo Sequeira Enin";"";"";"";"";"";"";"";"";"";"";1;"2023-05-26 08:12:09.830709";"db8e1af0cb3aca1ae2d0018624204529";1;1;1
277;"Barra Agencia Unip. Lda.";"";"";"";"";"";"";"";"";"";"";1;"2023-05-26 08:12:19.063172";"20f07591c6fcb220ffe637cda29bb3f6";1;1;1
278;"Borala Lda.";"";"";"";"";"";"";"";"";"";"";1;"2023-05-26 08:12:27.977315";"07cdfd23373b17c6b337251c22b7ea57";1;1;1
279;"Brongel Travel Unip. Lda.";"";"";"";"";"";"";"";"";"";"";1;"2023-05-26 08:12:38.307427";"d395771085aab05244a4fb8fd91bf4ee";1;1;1
280;"Business Media Group Lda.";"";"";"";"";"";"";"";"";"";"";1;"2023-05-26 08:12:57.471058";"92c8c96e4c37100777c7190b76d28233";1;1;1
281;"Cofi Agencia Tour & Travel Unip. Lda.";"";"";"";"";"";"";"";"";"";"";1;"2023-05-26 08:13:17.751343";"e3796ae838835da0b6f6ea37bcf8bcb7";1;1;1
282;"Corola Collection Oldshop Enin";"";"";"";"";"";"";"";"";"";"";1;"2023-05-26 08:13:29.944982";"6a9aeddfc689c1d0e3b9ccc3ab651bc5";1;1;1
283;"Carola Collection Olshop Enin.";"";"";"";"";"";"";"";"";"";"";1;"2023-05-26 09:39:47.888380";"0f49c89d1e7298bb9930789c8ed59d48";1;1;1
284;"Dili Development Company Lda.";"";"";"";"";"";"";"";"";"";"";1;"2023-05-26 09:40:28.578054";"46ba9f2a6976570b0353203ec4474217";1;1;1
285;"Divita Newspaper (Dili Post) Unip. Lda.";"";"";"";"";"";"";"";"";"";"";1;"2023-05-26 09:41:16.216542";"0e01938fc48a2cfb5f2217fbfb00722d";1;1;1
286;"Dolphin Enterprise Lda.";"";"";"";"";"";"";"";"";"";"";1;"2023-05-26 09:41:36.985109";"16a5cdae362b8d27a1d8f8c7b78b4330";1;1;1
287;"Duo Mr Redondaaparel 17 Lda.";"";"";"";"";"";"";"";"";"";"";1;"2023-05-27 06:27:59.473298";"918317b57931b6b7a7d29490fe5ec9f9";1;1;1
288;"Eljaguna Brother Unip. Lda.";"";"";"";"";"";"";"";"";"";"";1;"2023-05-27 06:28:36.143671";"48aedb8880cab8c45637abc7493ecddd";1;1;1
289;"Elnusa Verde Lda.";"";"";"";"";"";"";"";"";"";"";1;"2023-05-27 06:28:48.511238";"839ab46820b524afda05122893c2fe8e";1;1;1
290;"Ertika Modiste Unip. Lda.";"";"";"";"";"";"";"";"";"";"";1;"2023-05-27 08:39:56.533427";"f90f2aca5c640289d0a29417bcb63a37";1;1;1
291;"Felicita Timor Indah Lda.";"";"";"";"";"";"";"";"";"";"";1;"2023-05-27 08:40:09.734900";"9c838d2e45b2ad1094d42f4ef36764f6";1;1;1
292;"Flaniflavio Unip. Lda.";"";"";"";"";"";"";"";"";"";"";1;"2023-05-27 08:40:19.468157";"1700002963a49da13542e0726b7bb758";1;1;1
293;"Gardamor Unip. Lda.";"";"";"";"";"";"";"";"";"";"";1;"2023-05-27 08:40:29.965804";"53c3bce66e43be4f209556518c2fcb54";1;1;1
294;"GMN-Grupo de Media Nacional S. A.";"";"";"";"";"";"";"";"";"";"";1;"2023-05-28 02:22:37.098207";"6883966fd8f918a4aa29be29d2c386fb";1;1;1
295;"Goll Mone Koen Unip. Lda.";"";"";"";"";"";"";"";"";"";"";1;"2023-05-28 02:24:24.428759";"49182f81e6a13cf5eaa496d51fea6406";1;1;1
296;"Grace For Development";"";"";"";"";"";"";"";"";"";"";1;"2023-05-28 02:24:35.153111";"d296c101daa88a51f6ca8cfc1ac79b50";1;1;1
297;"Rivio Construction Unip. Lda.";"";"";"";"";"";"";"";"";"";"";1;"2023-05-28 04:08:03.323203";"9fd81843ad7f202f26c1a174c7357585";1;1;1
298;"Delta Dini Unip. Lda.";"";"";"";"";"";"";"";"";"";"";1;"2023-05-28 04:28:35.074222";"26e359e83860db1d11b6acca57d8ea88";1;1;1
299;"Kuilelo Unip. Lda.";"";"";"";"";"";"";"";"";"";"";1;"2023-05-28 04:35:33.404714";"ef0d3930a7b6c95bd2b32ed45989c61f";1;1;1
300;"Lizi Construction Unip. Lda.";"";"";"";"";"";"";"";"";"";"";1;"2023-05-28 04:39:49.270464";"94f6d7e04a4d452035300f18b984988c";1;1;1
301;"Vicencia Unip. Lda.";"";"";"";"";"";"";"";"";"";"";1;"2023-05-28 04:52:23.699828";"34ed066df378efacc9b924ec161e7639";1;1;1
302;"Vilagem Construction Unip. Lda.";"";"";"";"";"";"";"";"";"";"";1;"2023-05-28 04:55:40.148812";"577bcc914f9e55d5e4e4f82f9f00e7d4";1;1;1
303;"Phiefil-Pietama Furak Lda.";"";"";"";"";"";"";"";"";"";"";1;"2023-05-28 06:05:06.585423";"11b9842e0a271ff252c1903e7132cd68";1;1;1
304;"Golden Star Restraurant Unip. Lda.";"";"";"";"";"";"";"";"";"";"";1;"2023-05-28 08:21:25.685730";"37bc2f75bf1bcfe8450a1a41c200364c";1;1;1
305;"Green PZZ Unip. Lda.";"";"";"";"";"";"";"";"";"";"";1;"2023-05-28 08:34:03.152905";"496e05e1aea0a9c4655800e8a7b9ea28";1;1;1
306;"Heranty Motor Unip. Lda.";"";"";"";"";"";"";"";"";"";"";1;"2023-05-28 08:41:52.343926";"b2eb7349035754953b57a32e2841bda5";1;1;1
307;"Ideal Computer Unip. Lda.";"";"";"";"";"";"";"";"";"";"";1;"2023-05-28 08:53:54.138858";"8e98d81f8217304975ccb23337bb5761";1;1;1
308;"Jenic Enterprises Unip. Lda.";"";"";"";"";"";"";"";"";"";"";1;"2023-05-28 08:57:30.224785";"a8c88a0055f636e4a163a5e3d16adab7";1;1;1
309;"Jornal Independente Lda.";"";"";"";"";"";"";"";"";"";"";1;"2023-05-28 09:11:27.008740";"eddea82ad2755b24c4e168c5fc2ebd40";1;1;1
310;"Kinos Unip. Lda.";"";"";"";"";"";"";"";"";"";"";1;"2023-05-28 09:30:34.554449";"06eb61b839a0cefee4967c67ccb099dc";1;1;1
311;"Lafahek Oil & Gas Unip. Lda.";"";"";"";"";"";"";"";"";"";"";1;"2023-05-28 09:35:30.604603";"9dfcd5e558dfa04aaf37f137a1d9d3e5";1;1;1
312;"Lindamenia Lda.";"";"";"";"";"";"";"";"";"";"";1;"2023-05-29 00:09:16.635783";"950a4152c2b4aa3ad78bdd6b366cc179";1;1;1
313;"Loja Lidwi Lda.";"";"";"";"";"";"";"";"";"";"";1;"2023-05-29 00:19:41.089879";"158f3069a435b314a80bdcb024f8e422";1;1;1
314;"Ma'car Production House Unip. Lda.";"";"";"";"";"";"";"";"";"";"";1;"2023-05-29 00:40:11.413679";"758874998f5bd0c393da094e1967a72b";1;1;1
315;"Martelia Unip. Lda.";"";"";"";"";"";"";"";"";"";"";1;"2023-05-29 00:46:04.641253";"ad13a2a07ca4b7642959dc0c4c740ab6";1;1;1
316;"Bia Mapel Unip. Lda.";"";"";"";"";"";"";"";"";"";"";1;"2023-05-30 04:13:41.264603";"3fe94a002317b5f9259f82690aeea4cd";1;1;1
317;"Cambota Lda.";"";"";"";"";"";"";"";"";"";"";1;"2023-05-30 04:19:48.779167";"5b8add2a5d98b1a652ea7fd72d942dac";1;1;1
318;"Ely Karya Unip. Lda.";"";"";"";"";"";"";"";"";"";"";1;"2023-05-30 04:35:10.490806";"432aca3a1e345e339f35a30c8f65edce";1;1;1
319;"Emmanuel Mileniel Unip. Lda.";"";"";"";"";"";"";"";"";"";"";1;"2023-05-30 06:12:02.906633";"8d3bba7425e7c98c50f52ca1b52d3735";1;1;1
320;"Milcha Unip. Lda.";"";"";"";"";"";"";"";"";"";"";1;"2023-05-30 07:06:06.947010";"320722549d1751cf3f247855f937b982";1;1;1
321;"Michael Tefa Aby Travel Unip. Lda.";"";"";"";"";"";"";"";"";"";"";1;"2023-05-30 08:12:02.018436";"caf1a3dfb505ffed0d024130f58c5cfa";1;1;1
322;"Michael Tefa Aby Travel Unip. Lda.";"";"";"";"";"";"";"";"";"";"";1;"2023-05-30 08:12:28.540074";"5737c6ec2e0716f3d8a7a5c4e0de0d9a";1;1;1
323;"Nelces Unip. Lda.";"";"";"";"";"";"";"";"";"";"";1;"2023-05-30 08:18:54.272303";"bc6dc48b743dc5d013b1abaebd2faed2";1;1;1
324;"New Lucky Aluminium Lda.";"";"";"";"";"";"";"";"";"";"";1;"2023-05-30 08:35:50.262424";"f2fc990265c712c49d51a18a32b39f0c";1;1;1
325;"Niquir International Unip. Lda.";"";"";"";"";"";"";"";"";"";"";1;"2023-05-30 08:40:09.835041";"89f0fd5c927d466d6ec9a21b9ac34ffa";1;1;1
326;"Gos Unip. Lda.";"";"";"";"";"";"";"";"";"";"";1;"2023-05-31 01:55:24.087594";"a666587afda6e89aec274a3657558a27";1;1;1
327;"Goubara Unip. Lda.";"";"";"";"";"";"";"";"";"";"";1;"2023-05-31 02:30:38.774435";"b83aac23b9528732c23cc7352950e880";1;1;1
328;"Haburas Sarai Unip. Lda.";"";"";"";"";"";"";"";"";"";"";1;"2023-05-31 06:06:13.557220";"cd00692c3bfe59267d5ecfac5310286c";1;1;1
329;"Kay Seng Unip. Lda.";"";"";"";"";"";"";"";"";"";"";1;"2023-05-31 06:20:41.204994";"6faa8040da20ef399b63a72d0e4ab575";1;1;1
330;"Novo Turismo Lda.";"";"";"";"";"";"";"";"";"";"";1;"2023-05-31 06:23:21.505152";"fe73f687e5bc5280214e0486b273a5f9";1;1;1
331;"NR Company Unip. Lda.";"";"";"";"";"";"";"";"";"";"";1;"2023-05-31 06:38:09.989185";"6da37dd3139aa4d9aa55b8d237ec5d4a";1;1;1
332;"Leo Dok Unip. Lda.";"";"";"";"";"";"";"";"";"";"";1;"2023-05-31 06:48:10.513676";"c042f4db68f23406c6cecf84a7ebb0fe";1;1;1
333;"Politeknik Bandung Foundation";"";"";"";"";"";"";"";"";"";"";1;"2023-05-31 08:07:28.686272";"310dcbbf4cce62f762a2aaa148d556bd";1;1;1
334;"Projecto Foco UNTL";"";"";"";"";"";"";"";"";"";"";1;"2023-05-31 08:10:38.606319";"2f2b265625d76a6704b08093c652fd79";1;1;1
335;"PT. Timor Delta Solusindo";"";"";"";"";"";"";"";"";"";"";1;"2023-05-31 08:14:16.003401";"f9b902fc3289af4dd08de5d1de54f68f";1;1;1
336;"Ramelau Travel Lda.";"";"";"";"";"";"";"";"";"";"";1;"2023-05-31 08:21:18.284290";"6855456e2fe46a9d49d3d3af4f57443d";1;1;1
337;"Rayatex Lda.";"";"";"";"";"";"";"";"";"";"";1;"2023-05-31 08:27:42.723887";"357a6fdf7642bf815a88822c447d9dc4";1;1;1
338;"Reveuse Travel & Tour Unip. Lda.";"";"";"";"";"";"";"";"";"";"";1;"2023-05-31 08:29:59.608425";"819f46e52c25763a55cc642422644317";1;1;1
339;"Barver Unip. Lda.";"";"";"";"";"";"";"";"";"";"";1;"2023-06-01 09:06:41.721354";"04025959b191f8f9de3f924f0940515f";1;1;1
340;"Bemos I Construction Unip. Lda.";"";"";"";"";"";"";"";"";"";"";1;"2023-06-01 09:30:33.585080";"40008b9a5380fcacce3976bf7c08af5b";1;1;1
341;"Chantel Chander Unip. Lda.";"";"";"";"";"";"";"";"";"";"";1;"2023-06-01 09:52:47.788995";"3dd48ab31d016ffcbf3314df2b3cb9ce";1;1;1
342;"Darlau Construction & Engineering Unip. Lda.";"";"";"";"";"";"";"";"";"";"";1;"2023-06-01 09:55:08.953502";"58238e9ae2dd305d79c2ebc8c1883422";1;1;1
343;"Gali's Bro Unip. Lda.";"";"";"";"";"";"";"";"";"";"";1;"2023-06-01 10:40:54.081183";"3ad7c2ebb96fcba7cda0cf54a2e802f5";1;1;1
344;"Jelamor Unip. Lda.";"";"";"";"";"";"";"";"";"";"";1;"2023-06-01 10:46:46.350011";"b3967a0e938dc2a6340e258630febd5a";1;1;1
345;"K-6 Unip. Lda.";"";"";"";"";"";"";"";"";"";"";1;"2023-06-01 10:58:29.795825";"d81f9c1be2e08964bf9f24b15f0e4900";1;1;1
346;"Leo-Hilin Unip. Lda.";"";"";"";"";"";"";"";"";"";"";1;"2023-06-01 11:04:54.419600";"13f9896df61279c928f19721878fac41";1;1;1
347;"Lero Unip. Lda.";"";"";"";"";"";"";"";"";"";"";1;"2023-06-01 11:05:10.744754";"c5ff2543b53f4cc0ad3819a36752467b";1;1;1
348;"Lonacca Unip. Lda.";"";"";"";"";"";"";"";"";"";"";1;"2023-06-01 11:26:17.071268";"01386bd6d8e091c2ab4c7c7de644d37b";1;1;1
349;"Luliana Unip. Lda.";"";"";"";"";"";"";"";"";"";"";1;"2023-06-01 11:30:11.822057";"0bb4aec1710521c12ee76289d9440817";1;1;1
350;"Naroman Mosu Dadaun Unip. Lda.";"";"";"";"";"";"";"";"";"";"";1;"2023-06-01 11:37:32.178492";"9de6d14fff9806d4bcd1ef555be766cd";1;1;1
351;"Nulia Construction Unip. Lda.";"";"";"";"";"";"";"";"";"";"";1;"2023-06-01 11:44:52.763514";"efe937780e95574250dabe07151bdc23";1;1;1
352;"Talamori Unip. Lda.";"";"";"";"";"";"";"";"";"";"";1;"2023-06-01 12:02:46.011522";"371bce7dc83817b7893bcdeed13799b5";1;1;1
353;"Centeliziumen Unip. Lda.";"";"";"";"";"";"";"";"";"";"";1;"2023-06-02 03:21:34.763216";"138bb0696595b338afbab333c555292a";1;1;1
354;"Quintas das Flores Lda.";"";"";"";"";"";"";"";"";"";"";1;"2023-06-02 06:00:50.904104";"8dd48d6a2e2cad213179a3992c0be53c";1;1;1
355;"Renova Unip. Lda.";"";"";"";"";"";"";"";"";"";"";1;"2023-06-02 06:05:20.889274";"82cec96096d4281b7c95cd7e74623496";1;1;1
356;"Romante Unip. Lda";"";"";"";"";"";"";"";"";"";"";1;"2023-06-02 06:09:10.033107";"6c524f9d5d7027454a783c841250ba71";1;1;1
357;"Ryzena Unip. Lda.";"";"";"";"";"";"";"";"";"";"";1;"2023-06-02 06:16:23.553954";"fb7b9ffa5462084c5f4e7e85a093e6d7";1;1;1
358;"Samadare Unip. Lda.";"";"";"";"";"";"";"";"";"";"";1;"2023-06-02 06:16:29.912506";"aa942ab2bfa6ebda4840e7360ce6e7ef";1;1;1
359;"Suai Indah Lda.";"";"";"";"";"";"";"";"";"";"";1;"2023-06-02 06:38:08.181874";"c058f544c737782deacefa532d9add4c";1;1;1
360;"Tansos Unip. Lda. JV Vamelda Unip. Lda.";"";"";"";"";"";"";"";"";"";"";1;"2023-06-02 06:42:54.559613";"e7b24b112a44fdd9ee93bdf998c6ca0e";1;1;1
361;"Uatos Unip. Lda.";"";"";"";"";"";"";"";"";"";"";1;"2023-06-02 06:51:39.107202";"52720e003547c70561bf5e03b95aa99f";1;1;1
362;"Verde Caisahe. Lda.";"";"";"";"";"";"";"";"";"";"";1;"2023-06-02 06:51:55.263768";"c3e878e27f52e2a57ace4d9a76fd9acf";1;1;1
363;"Venjus Unip. Lda.";"";"";"";"";"";"";"";"";"";"";1;"2023-06-02 06:57:39.032862";"00411460f7c92d2124a67ea0f4cb5f85";1;1;1
364;"Yoku Unip. Lda.";"";"";"";"";"";"";"";"";"";"";1;"2023-06-02 06:57:51.521415";"bac9162b47c56fc8a4d2a519803d51b3";1;1;1
365;"Chik-Tete Unip. Lda.";"";"";"";"";"";"";"";"";"";"";1;"2023-06-02 06:58:00.891520";"9be40cee5b0eee1462c82c6964087ff9";1;1;1
366;"Co. Cactus Unip. Lda.";"";"";"";"";"";"";"";"";"";"";1;"2023-06-02 06:58:13.476794";"5ef698cd9fe650923ea331c15af3b160";1;1;1
367;"DMF Aceso Unip. Lda.";"";"";"";"";"";"";"";"";"";"";1;"2023-06-02 06:58:21.580605";"05049e90fa4f5039a8cadc6acbb4b2cc";1;1;1
368;"Raku Anu Fa Unip. Lda.";"";"";"";"";"";"";"";"";"";"";1;"2023-06-02 07:21:50.551174";"cf004fdc76fa1a4f25f62e0eb5261ca3";1;1;1
369;"Always Construction Unip. Lda.";"";"";"";"";"";"";"";"";"";"";1;"2023-06-02 07:25:11.342846";"0c74b7f78409a4022a2c4c5a5ca3ee19";1;1;1
370;"Atunegos Unip. Lda.";"";"";"";"";"";"";"";"";"";"";1;"2023-06-02 07:28:29.732076";"d709f38ef758b5066ef31b18039b8ce5";1;1;1
371;"Banudu B. H. L. Enterprice Unip. Lda.";"";"";"";"";"";"";"";"";"";"";1;"2023-06-02 07:28:41.745865";"41f1f19176d383480afa65d325c06ed0";1;1;1
372;"Bobolait Lda.";"";"";"";"";"";"";"";"";"";"";1;"2023-06-02 07:34:22.065963";"24b16fede9a67c9251d3e7c7161c83ac";1;1;1
373;"Carnesia Recordeas Unip. Lda.";"";"";"";"";"";"";"";"";"";"";1;"2023-06-02 07:39:23.044605";"ffd52f3c7e12435a724a8f30fddadd9c";1;1;1
374;"Celfa Unip. Lda.";"";"";"";"";"";"";"";"";"";"";1;"2023-06-02 07:39:30.560997";"ad972f10e0800b49d76fed33a21f6698";1;1;1
375;"Eureka Gagas Utama Lda.";"";"";"";"";"";"";"";"";"";"";1;"2023-06-02 07:39:45.135546";"f61d6947467ccd3aa5af24db320235dd";1;1;1
376;"FM-Diena Unip. Lda.";"";"";"";"";"";"";"";"";"";"";1;"2023-06-02 08:09:52.696489";"142949df56ea8ae0be8b5306971900a4";1;1;1
377;"Renaissance Unip. Lda.";"";"";"";"";"";"";"";"";"";"";1;"2023-06-02 08:10:00.950473";"d34ab169b70c9dcd35e62896010cd9ff";1;1;1
378;"Sae Lari Unip. Lda.";"";"";"";"";"";"";"";"";"";"";1;"2023-06-02 08:10:08.884660";"8bf1211fd4b7b94528899de0a43b9fb3";1;1;1
379;"Sae Lari Unip. Lda.";"";"";"";"";"";"";"";"";"";"";1;"2023-06-02 08:16:48.536953";"a02ffd91ece5e7efeb46db8f10a74059";1;1;1
380;"Silias Unip. Lda.";"";"";"";"";"";"";"";"";"";"";1;"2023-06-02 08:16:57.016594";"bca82e41ee7b0833588399b1fcd177c7";1;1;1
381;"SKF JV Chachailala Unip. Lda.";"";"";"";"";"";"";"";"";"";"";1;"2023-06-02 08:17:04.405424";"00ec53c4682d36f5c4359f4ae7bd7ba1";1;1;1
382;"Super Jaya Unip. Lda.";"";"";"";"";"";"";"";"";"";"";1;"2023-06-02 08:17:11.702230";"4f6ffe13a5d75b2d6a3923922b3922e5";1;1;1
383;"Surik Saki Rai Unip. Lda.";"";"";"";"";"";"";"";"";"";"";1;"2023-06-02 08:28:47.316945";"beed13602b9b0e6ecb5b568ff5058f07";1;1;1
384;"Tattoo Brothers Unip. Lda.";"";"";"";"";"";"";"";"";"";"";1;"2023-06-02 08:28:58.256680";"0584ce565c824b7b7f50282d9a19945b";1;1;1
385;"Voar Unip. Lda.";"";"";"";"";"";"";"";"";"";"";1;"2023-06-02 08:29:06.458037";"dc912a253d1e9ba40e2c597ed2376640";1;1;1
386;"Caiulu Unip. Lda.";"";"";"";"";"";"";"";"";"";"";1;"2023-06-02 08:47:44.418401";"39461a19e9eddfb385ea76b26521ea48";1;1;1
387;"Starco Lda.";"";"";"";"";"";"";"";"";"";"";1;"2023-06-07 07:43:22.970351";"8efb100a295c0c690931222ff4467bb8";1;1;1
388;"AP Santava Unip. Lda.";"";"";"";"";"";"";"";"";"";"";1;"2023-06-07 10:59:51.904288";"d9fc5b73a8d78fad3d6dffe419384e70";1;1;1
389;"Riri Brothers's Unip. Lda.";"";"";"";"";"";"";"";"";"";"";1;"2023-06-09 00:49:23.092011";"c86a7ee3d8ef0b551ed58e354a836f2b";1;1;1
390;"Ruten Almar Unip. Lda.";"";"";"";"";"";"";"";"";"";"";1;"2023-06-09 00:49:39.299703";"a01a0380ca3c61428c26a231f0e49a09";1;1;1
391;"Merit Partners Pty. Ltd.";"";"";"";"";"";"";"";"";"";"";1;"2023-06-11 14:51:13.133583";"5a4b25aaed25c2ee1b74de72dc03c14e";1;1;1
392;"Aset Unip. Lda.";"";"";"";"";"";"";"";"";"";"";1;"2023-09-07 04:38:48.092731";"f73b76ce8949fe29bf2a537cfa420e8f";1;1;1
393;"Dili United Construction Unip. Lda.";"";"";"";"";"";"";"";"";"";"";1;"2023-09-07 04:45:26.919410";"70c639df5e30bdee440e4cdf599fec2b";1;1;1
394;"Express Distribution Services & Diverses Unip. Lda.";"";"";"";"";"";"";"";"";"";"";1;"2023-09-07 06:00:42.131288";"28f0b864598a1291557bed248a998d4e";1;1;1
395;"Fitun Diak Unip. Lda.";"";"";"";"";"";"";"";"";"";"";1;"2023-09-07 06:19:47.423995";"1543843a4723ed2ab08e18053ae6dc5b";1;1;1
396;"Hidayat Unip. Lda.";"";"";"";"";"";"";"";"";"";"";1;"2023-09-07 06:34:00.674357";"f8c1f23d6a8d8d7904fc0ea8e066b3bb";1;1;1
397;"Ilie Chao Unip. Lda.";"";"";"";"";"";"";"";"";"";"";1;"2023-09-07 06:45:06.476591";"e46de7e1bcaaced9a54f1e9d0d2f800d";1;1;1
398;"Jamatil Unip. Lda.";"";"";"";"";"";"";"";"";"";"";1;"2023-09-07 06:49:11.104000";"b7b16ecf8ca53723593894116071700c";1;1;1
399;"Youtejia Unip. Lda.";"";"";"";"";"";"";"";"";"";"";1;"2023-09-07 06:49:23.202988";"352fe25daf686bdb4edca223c921acea";1;1;1
400;"Manu Bey Unip. Lda.";"";"";"";"";"";"";"";"";"";"";1;"2023-09-07 07:42:02.586427";"18d8042386b79e2c279fd162df0205c8";1;1;1
401;"Sarakoe Unip. Lda.";"";"";"";"";"";"";"";"";"";"";1;"2023-09-11 05:08:41.320304";"816b112c6105b3ebd537828a39af4818";1;1;1
402;"Quatro Colegas Lda.";"";"";"";"";"";"";"";"";"";"";1;"2023-09-11 07:04:32.198073";"69cb3ea317a32c4e6143e665fdb20b14";1;1;1
403;"Shabryca Construction Unip. Lda.";"";"";"";"";"";"";"";"";"";"";1;"2023-09-11 07:07:46.113706";"bbf94b34eb32268ada57a3be5062fe7d";1;1;1
404;"Nestodasil Unip. Lda.";"";"";"";"";"";"";"";"";"";"";1;"2023-09-11 07:20:24.806165";"4f4adcbf8c6f66dcfc8a3282ac2bf10a";1;1;1
405;"WTJ Contractor Unip. Lda.";"";"";"";"";"";"";"";"";"";"";1;"2023-09-11 07:26:53.361687";"bbcbff5c1f1ded46c25d28119a85c6c2";1;1;1
406;"Sunniness Unip. Lda.";"";"";"";"";"";"";"";"";"";"";1;"2023-09-11 07:29:49.290749";"8cb22bdd0b7ba1ab13d742e22eed8da2";1;1;1
407;"Lanicia Unip. Lda.";"";"";"";"";"";"";"";"";"";"";1;"2023-09-11 07:35:00.554440";"f4f6dce2f3a0f9dada0c2b5b66452017";1;1;1
408;"Jenetbi Gumer Design Consultant Unip. Lda.";"";"";"";"";"";"";"";"";"";"";1;"2023-09-12 01:15:50.165692";"0d0fd7c6e093f7b804fa0150b875b868";1;1;1
409;"PT. Madya Mangunkarsa";"";"";"";"";"";"";"";"";"";"";1;"2023-09-12 01:16:02.267012";"a96b65a721e561e1e3de768ac819ffbb";1;1;1
410;"Jonarear Multiline Unip. Lda.";"";"";"";"";"";"";"";"";"";"";1;"2023-09-12 01:29:17.374794";"1068c6e4c8051cfd4e9ea8072e3189e2";1;1;1
411;"PT. Fasade Kobetama International";"";"";"";"";"";"";"";"";"";"";1;"2023-09-12 01:29:56.541324";"17d63b1625c816c22647a73e1482372b";1;1;1
412;"B";"";"";"";"";"";"";"";"";"";"";1;"2024-02-14 18:53:11.297941";"b9228e0962a78b84f3d5d92f4faa000b";1;1;1