"id";"start_lat";"start_lng";"end_lat";"end_lng";"administrativepost_id";"aldeia_id";"municipality_id";"project_id";"village_id"
1;"";"";"";"";0;0;9;1;0
2;"125.5713638";"-8.725989531";"";"";0;0;1;2;0
3;"";"";"";"";0;0;1;3;0
4;"";"";"";"";0;0;1;4;0
5;"";"";"";"";0;0;5;5;0
6;"";"";"";"";0;0;9;6;0
7;"";"";"";"";0;0;3;7;0
8;"";"";"";"";0;0;5;8;0
9;"";"";"";"";0;0;5;9;0
10;"";"";"";"";0;0;1;10;0
11;"";"";"";"";0;0;5;11;0
12;"";"";"";"";0;0;5;12;0
13;"";"";"";"";0;0;1;13;0
14;"";"";"";"";0;0;3;14;0
15;"";"";"";"";0;0;5;15;0
16;"";"";"";"";0;0;11;16;0
17;"";"";"";"";0;0;9;17;0
18;"";"";"";"";0;0;2;18;0
19;"";"";"";"";0;0;5;19;0
20;"";"";"";"";0;0;3;20;0
21;"";"";"";"";0;0;9;21;0
22;"";"";"";"";0;0;9;22;0
23;"";"";"";"";0;0;9;23;0
24;"";"";"";"";0;0;5;24;0
25;"";"";"";"";0;0;4;25;0
26;"";"";"";"";0;0;5;26;0
27;"";"";"";"";1;8;1;27;2
28;"";"";"";"";0;0;6;28;0
29;"";"";"";"";29;0;6;29;200
30;"";"";"";"";0;0;6;30;0
31;"";"";"";"";0;0;6;31;0
32;"";"";"";"";0;0;6;32;0
33;"";"";"";"";0;0;6;33;0
34;"";"";"";"";0;0;1;34;0
35;"";"";"";"";0;0;6;35;0
36;"";"";"";"";0;0;6;36;0
37;"";"";"";"";0;0;6;37;0
38;"";"";"";"";0;0;6;38;0
39;"";"";"";"";0;0;6;39;0
40;"";"";"";"";29;0;6;40;200
42;"";"";"";"";33;0;6;42;225
43;"";"";"";"";0;0;7;43;0
44;"";"";"";"";0;0;6;44;0
45;"";"";"";"";29;0;6;45;200
46;"";"";"";"";15;0;4;46;0
47;"";"";"";"";0;0;6;47;0
49;"";"";"";"";0;0;6;49;0
50;"";"";"";"";0;0;10;50;0
51;"";"";"";"";0;0;2;51;0
52;"";"";"";"";0;0;2;52;0
53;"";"";"";"";0;0;12;53;0
54;"";"";"";"";0;0;8;54;0
55;"";"";"";"";0;0;11;55;0
56;"";"";"";"";0;0;11;56;0
57;"";"";"";"";0;0;11;57;0
58;"";"";"";"";0;0;11;58;0
59;"";"";"";"";0;0;11;59;0
60;"";"";"";"";0;0;1;60;0
61;"";"";"";"";0;0;6;61;0
62;"";"";"";"";0;0;0;62;0
63;"";"";"";"";0;0;0;63;0
64;"";"";"";"";0;0;0;64;0
66;"";"";"";"";0;0;0;66;0
67;"";"";"";"";0;0;0;67;0
70;"";"";"";"";0;0;0;70;0
71;"";"";"";"";0;0;0;71;0
74;"";"";"";"";0;0;1;74;0
75;"-8.85663265";"125.5359149";"";"";0;0;2;75;0
76;"";"";"";"";0;0;9;76;0
77;"";"";"";"";0;0;10;77;0
78;"";"";"";"";0;0;1;78;0
79;"";"";"";"";0;0;6;79;0
80;"";"";"";"";0;0;6;80;0
81;"";"";"";"";0;0;6;81;0
82;"";"";"";"";0;0;10;82;0
83;"";"";"";"";0;0;0;83;0
84;"";"";"";"";0;0;0;84;0
85;"";"";"";"";0;0;11;85;0
86;"";"";"";"";0;0;6;86;0
88;"";"";"";"";0;0;0;88;0
89;"";"";"";"";0;0;0;89;0
91;"";"";"";"";0;0;0;91;0
92;"";"";"";"";0;0;0;92;0
94;"";"";"";"";0;0;0;94;0
95;"";"";"";"";0;0;0;95;0
97;"";"";"";"";0;0;0;97;0
98;"";"";"";"";0;0;0;98;0
99;"";"";"";"";0;0;0;99;0
100;"";"";"";"";0;0;6;100;0
101;"";"";"";"";0;0;12;101;0
102;"";"";"";"";0;0;11;102;0
103;"";"";"";"";0;0;6;103;0
104;"";"";"";"";0;0;6;104;0
105;"";"";"";"";0;0;0;105;0
106;"";"";"";"";0;0;6;106;0
107;"";"";"";"";0;0;6;107;0
108;"";"";"";"";0;0;0;108;0
109;"";"";"";"";0;0;6;109;0
110;"";"";"";"";0;0;6;110;0
111;"";"";"";"";0;0;6;111;0
112;"";"";"";"";0;0;6;112;0
113;"";"";"";"";0;0;6;113;0
114;"";"";"";"";0;0;0;114;0
115;"";"";"";"";0;0;6;115;0
116;"";"";"";"";0;0;6;116;0
117;"";"";"";"";0;0;6;117;0
118;"";"";"";"";0;0;0;118;0
119;"";"";"";"";0;0;6;119;0
120;"";"";"";"";0;0;6;120;0
121;"";"";"";"";0;0;6;121;0
122;"";"";"";"";0;0;6;122;0
123;"";"";"";"";0;0;6;123;0
124;"";"";"";"";0;0;6;124;0
125;"";"";"";"";0;0;3;125;0
126;"";"";"";"";0;0;4;126;0
127;"";"";"";"";0;0;12;127;0
128;"";"";"";"";0;0;10;128;0
129;"";"";"";"";0;0;4;129;0
130;"";"";"";"";0;0;6;130;0
131;"";"";"";"";0;0;9;131;0
132;"";"";"";"";0;0;12;132;0
133;"";"";"";"";0;0;1;133;0
135;"";"";"";"";0;0;1;135;0
136;"";"";"";"";0;0;1;136;0
137;"";"";"";"";0;0;6;137;0
138;"";"";"";"";0;0;6;138;0
139;"";"";"";"";0;0;6;139;0
140;"";"";"";"";0;0;6;140;0
141;"";"";"";"";0;0;6;141;0
142;"";"";"";"";0;0;6;142;0
143;"";"";"";"";0;0;6;143;0
144;"";"";"";"";0;0;6;144;0
145;"";"";"";"";0;0;6;145;0
146;"";"";"";"";0;0;6;146;0
147;"";"";"";"";0;0;6;147;0
148;"";"";"";"";0;0;9;148;0
149;"-8.504306218";"126.6023613";"";"";0;0;3;149;0
150;"-8.839824747";"125.6004984";"";"";0;0;2;150;0
151;"";"";"";"";0;0;12;151;0
152;"";"";"";"";0;0;10;152;0
153;"";"";"";"";0;0;4;153;0
154;"";"";"";"";0;0;4;154;0
155;"";"";"";"";0;0;3;155;0
156;"";"";"";"";0;0;4;156;0
157;"";"";"";"";0;0;11;157;0
158;"";"";"";"";0;0;3;158;0
159;"";"";"";"";0;0;3;159;0
160;"";"";"";"";0;0;3;160;0
161;"";"";"";"";0;0;3;161;0
162;"";"";"";"";0;0;3;162;0
163;"";"";"";"";0;0;3;163;0
164;"";"";"";"";0;0;10;164;0
165;"";"";"";"";0;0;10;165;0
166;"";"";"";"";0;0;10;166;0
167;"";"";"";"";0;0;10;167;0
168;"";"";"";"";0;0;10;168;0
169;"";"";"";"";0;0;6;169;0
170;"";"";"";"";0;0;0;170;0
179;"";"";"";"";0;0;0;179;0
180;"";"";"";"";0;0;0;180;0
181;"";"";"";"";0;0;0;181;0
182;"";"";"";"";0;0;0;182;0
183;"";"";"";"";0;0;0;183;0
184;"";"";"";"";0;0;0;184;0
185;"";"";"";"";0;0;0;185;0
186;"";"";"";"";0;0;0;186;0
187;"";"";"";"";0;0;0;187;0
188;"";"";"";"";0;0;0;188;0
189;"";"";"";"";0;0;0;189;0
190;"";"";"";"";0;0;0;190;0
191;"";"";"";"";0;0;0;191;0
192;"";"";"";"";0;0;0;192;0
193;"";"";"";"";0;0;0;193;0
194;"";"";"";"";0;0;0;194;0
195;"";"";"";"";0;0;0;195;0
196;"";"";"";"";0;0;0;196;0
197;"";"";"";"";0;0;0;197;0
198;"";"";"";"";0;0;0;198;0
199;"";"";"";"";0;0;0;199;0
200;"";"";"";"";0;0;0;200;0
202;"";"";"";"";0;0;0;202;0
203;"";"";"";"";0;0;0;203;0
204;"-8.53744278";"125.6986152";"";"";0;0;6;204;0
205;"";"";"";"";0;0;0;205;0
206;"";"";"";"";0;0;11;206;0
207;"";"";"";"";0;0;0;207;0
208;"";"";"";"";0;0;1;208;0
209;"";"";"";"";0;0;0;209;0
210;"";"";"";"";0;0;0;210;0
211;"";"";"";"";0;0;0;211;0
212;"";"";"";"";0;0;0;212;0
213;"";"";"";"";0;0;0;213;0
214;"";"";"";"";0;0;0;214;0
215;"";"";"";"";0;0;0;215;0
217;"";"";"";"";0;0;0;217;0
218;"";"";"";"";1;32;1;218;7
219;"";"";"";"";29;0;6;219;202
220;"";"";"";"";0;0;0;220;0
221;"";"";"";"";0;0;0;221;0
222;"";"";"";"";0;0;0;222;0
223;"";"";"";"";0;0;0;223;0
224;"";"";"";"";0;0;0;224;0
225;"";"";"";"";0;0;0;225;0
226;"";"";"";"";0;0;0;226;0
227;"";"";"";"";0;0;0;227;0
229;"";"";"";"";0;0;0;229;0
230;"";"";"";"";0;0;0;230;0
231;"";"";"";"";0;0;0;231;0
232;"";"";"";"";0;0;0;232;0
233;"";"";"";"";0;0;0;233;0
234;"";"";"";"";0;0;0;234;0
235;"";"";"";"";0;0;0;235;0
236;"";"";"";"";0;0;0;236;0
237;"";"";"";"";0;0;0;237;0
238;"";"";"";"";0;0;0;238;0
239;"";"";"";"";0;0;0;239;0
240;"";"";"";"";0;0;0;240;0
241;"";"";"";"";0;0;0;241;0
242;"";"";"";"";0;0;0;242;0
243;"";"";"";"";0;0;0;243;0
244;"";"";"";"";0;0;0;244;0
245;"";"";"";"";0;0;0;245;0
246;"";"";"";"";0;0;0;246;0
247;"";"";"";"";0;0;0;247;0
248;"";"";"";"";0;0;0;248;0
249;"";"";"";"";0;0;0;249;0
251;"";"";"";"";0;0;0;251;0
252;"";"";"";"";0;0;0;252;0
253;"";"";"";"";0;0;0;253;0
254;"";"";"";"";0;0;0;254;0
255;"";"";"";"";0;0;0;255;0
256;"";"";"";"";0;0;0;256;0
257;"";"";"";"";0;0;0;257;0
258;"";"";"";"";0;0;0;258;0
259;"";"";"";"";0;0;0;259;0
260;"";"";"";"";0;0;0;260;0
261;"";"";"";"";0;0;0;261;0
262;"";"";"";"";0;0;0;262;0
263;"";"";"";"";0;0;0;263;0
264;"";"";"";"";0;0;0;264;0
265;"";"";"";"";0;0;0;265;0
266;"";"";"";"";0;0;0;266;0
267;"";"";"";"";0;0;0;267;0
268;"";"";"";"";0;0;0;268;0
269;"";"";"";"";0;0;0;269;0
270;"";"";"";"";0;0;0;270;0
271;"";"";"";"";0;0;0;271;0
272;"";"";"";"";0;0;0;272;0
301;"";"";"";"";0;0;6;301;0
303;"";"";"";"";0;0;6;303;0
304;"";"";"";"";0;0;6;304;0
305;"";"";"";"";0;0;6;305;0
306;"";"";"";"";0;0;6;306;0
307;"";"";"";"";0;0;6;307;0
308;"";"";"";"";0;0;6;308;0
309;"";"";"";"";0;0;6;309;0
310;"";"";"";"";0;0;6;310;0
311;"";"";"";"";0;0;6;311;0
312;"";"";"";"";0;0;6;312;0
313;"";"";"";"";0;0;6;313;0
314;"";"";"";"";0;0;6;314;0
315;"";"";"";"";0;0;6;315;0
316;"";"";"";"";0;0;6;316;0
317;"";"";"";"";0;0;6;317;0
318;"";"";"";"";0;0;6;318;0
319;"";"";"";"";0;0;6;319;0
320;"";"";"";"";0;0;6;320;0
321;"";"";"";"";0;0;6;321;0
322;"";"";"";"";0;0;6;322;0
323;"";"";"";"";0;0;6;323;0
324;"";"";"";"";0;0;6;324;0
325;"";"";"";"";0;0;6;325;0
326;"";"";"";"";0;0;6;326;0
327;"";"";"";"";0;0;6;327;0
328;"";"";"";"";0;0;6;328;0
329;"";"";"";"";0;0;6;329;0
330;"";"";"";"";0;0;6;330;0
331;"";"";"";"";0;0;6;331;0
332;"";"";"";"";0;0;6;332;0
333;"";"";"";"";0;0;6;333;0
334;"";"";"";"";0;0;6;334;0
335;"";"";"";"";0;0;6;335;0
336;"";"";"";"";0;0;6;336;0
337;"";"";"";"";0;0;6;337;0
338;"";"";"";"";0;0;6;338;0
339;"";"";"";"";0;0;6;339;0
340;"";"";"";"";0;0;6;340;0
341;"";"";"";"";0;0;6;341;0
342;"";"";"";"";0;0;6;342;0
343;"";"";"";"";0;0;6;343;0
344;"";"";"";"";0;0;6;344;0
345;"";"";"";"";0;0;6;345;0
346;"";"";"";"";0;0;6;346;0
347;"";"";"";"";0;0;6;347;0
348;"";"";"";"";0;0;6;348;0
349;"";"";"";"";0;0;6;349;0
350;"";"";"";"";0;0;6;350;0
351;"";"";"";"";0;0;6;351;0
352;"";"";"";"";0;0;6;352;0
353;"";"";"";"";0;0;6;353;0
354;"";"";"";"";0;0;6;354;0
355;"";"";"";"";0;0;6;355;0
356;"";"";"";"";0;0;6;356;0
357;"";"";"";"";0;0;6;357;0
358;"";"";"";"";0;0;6;358;0
359;"";"";"";"";0;0;6;359;0
360;"";"";"";"";0;0;6;360;0
361;"";"";"";"";0;0;6;361;0
362;"";"";"";"";0;0;6;362;0
363;"";"";"";"";0;0;6;363;0
364;"";"";"";"";0;0;6;364;0
365;"";"";"";"";0;0;6;365;0
366;"";"";"";"";0;0;6;366;0
367;"";"";"";"";0;0;6;367;0
368;"";"";"";"";0;0;6;368;0
369;"";"";"";"";0;0;6;369;0
370;"";"";"";"";0;0;6;370;0
371;"";"";"";"";0;0;6;371;0
372;"";"";"";"";0;0;6;372;0
373;"";"";"";"";0;0;6;373;0
374;"";"";"";"";0;0;6;374;0
375;"";"";"";"";0;0;6;375;0
376;"";"";"";"";0;0;6;376;0
377;"";"";"";"";0;0;6;377;0
378;"";"";"";"";0;0;6;378;0
379;"";"";"";"";0;0;6;379;0
380;"";"";"";"";0;0;6;380;0
381;"";"";"";"";0;0;6;381;0
401;"-9.3049778";"125.0901361";"";"";24;0;5;401;182
402;"-8.873032";"125.410654";"";"";37;0;7;402;269
403;"-8.774150032";"125.3973357";"";"";0;0;7;403;259
404;"-9.1778083";"125.1813278";"";"";0;0;5;404;189
405;"-8.401665683";"126.830926";"";"";42;0;8;405;301
406;"-8.569546954";"125.4915281";"";"";0;0;14;406;0
407;"-8.596901";"125.334367";"";"";46;0;9;407;332
408;"-8.674216";"125.547604";"";"";2;0;1;408;15
409;"-8.61926";"125.6344";"";"";0;0;1;409;0
410;"-8.968658";"125.38131";"";"";34;0;7;410;227
411;"-8.553054";"125.579467";"";"";29;0;6;411;0
412;"-8.837371392";"126.3712391";"";"";61;0;12;412;424
413;"-8.996867481";"125.5052188";"";"";5;0;2;413;37
414;"-8.557653";"125.57168";"";"";0;0;6;414;221
415;"-9.04762532";"125.5239235";"";"";5;0;2;415;34
416;"-8.724423";"125.571265";"";"";4;0;1;416;26
417;"";"";"";"";0;0;14;417;0
418;"";"";"";"";0;0;6;418;223
419;"-8.81597703";"126.5235416";"";"";0;0;12;419;98
420;"-9.09355709";"125.6921212";"";"";53;0;11;420;0
421;"-8.550868";"125.589617";"";"";29;0;6;421;0
422;"-8.554305492";"125.5355351";"";"";30;0;6;422;208
423;"-8.554186392";"125.5397724";"";"";30;0;6;423;0
424;"-8.735872";"125.735594";"";"";0;0;1;424;0
425;"-8.518745242";"126.0071438";"";"";47;0;10;425;339
426;"-8.749340262";"125.9714797";"";"";51;0;10;426;356
427;"";"";"";"";47;0;10;427;339
428;"-8.657138027";"125.5606733";"";"";0;0;1;428;2
429;"";"";"";"";7;0;2;429;51
430;"";"";"";"";5;0;2;430;34
431;"-8.724405229";"125.5728376";"";"";0;0;1;431;1
432;"";"";"";"";5;0;2;432;34
433;"-8.983056";"125.220368";"";"";17;0;4;433;137
434;"-9.138428";"125.542243";"";"";53;0;11;434;367
435;"-8.559021";"125.58023";"";"";0;0;6;435;223
436;"-8.931695";"126.490893";"";"";61;0;12;436;0
437;"-8.879363";"125.212586";"";"";18;0;4;437;144
438;"-9.035242";"125.291527";"";"";16;0;4;438;120
439;"-8.865899";"126.369552";"";"";61;0;12;439;424
440;"-8.661545656";"125.5501964";"";"";2;0;1;440;15
441;"-8.560322149";"125.5557328";"";"";30;0;6;441;0
442;"-8.553871431";"125.5340599";"";"";30;0;6;442;208
443;"-8.549963735";"125.5650611";"";"";30;0;6;443;210
444;"-8.554022814";"125.5622066";"";"";30;0;6;444;210
445;"-8.554235834";"125.5367271";"";"";30;0;6;445;208
446;"-8.557338";"125.594264";"";"";29;0;6;446;0
447;"-8.551439655";"125.5847284";"";"";0;0;6;447;218
448;"";"";"";"";0;0;6;448;218
449;"-8.473805";"126.515862";"";"";10;0;3;449;0
450;"-8.597814";"125.308606";"";"";46;0;9;450;332
451;"";"";"";"";0;0;13;451;441
452;"-8.495007";"125.825538";"";"";31;0;6;452;0
453;"-8.798224";"125.313986";"";"";0;0;13;453;353
454;"-9.170187";"124.424386";"";"";0;0;13;454;446
455;"-8.817712";"125.331269";"";"";0;0;7;455;254
456;"-8.751519";"125.396955";"";"";35;0;7;456;243
457;"-8.604572";"125.290925";"";"";46;0;9;457;332
458;"-8.596274";"125.33455";"";"";45;0;9;458;327
459;"-8.554496";"125.536626";"";"";0;0;6;459;222
460;"-8.5698975";"125.61703";"";"";29;0;6;460;200
461;"-9.165072";"125.729753";"";"";53;0;11;461;367
462;"-8.60215";"126.558375";"";"";12;0;3;462;97
463;"-8.560292";"125.538188";"";"";0;0;6;463;215
464;"-8.72295";"126.732198";"";"";0;0;12;464;419
465;"-8.554268";"125.535358";"";"";30;0;6;465;208
466;"-9.302292";"125.281748";"";"";21;0;5;466;168
467;"-9.111212";"125.410302";"";"";22;0;5;467;174
468;"-8.937482";"125.896935";"";"";56;0;11;468;394
469;"-8.702378";"126.367072";"";"";59;0;12;469;406
470;"-8.8635066";"125.585015";"";"";7;0;2;470;0
471;"-8.752345";"126.580195";"";"";0;0;12;471;368
472;"-8.643803";"126.377478";"";"";14;0;3;472;0
473;"-8.64344";"126.541685";"";"";12;0;3;473;84
474;"-8.564879";"125.630908";"";"";29;0;6;474;202
475;"-8.574097";"125.565365";"";"";30;0;6;475;0
476;"-8.757967";"126.673632";"";"";0;0;12;476;0
477;"-8.844704";"125.634507";"";"";7;0;2;477;48
478;"-8.553917";"125.555643";"";"";30;0;6;478;209
479;"-9.356786";"125.166153";"";"";22;0;5;479;174
480;"-8.982526";"125.51893";"";"";5;0;2;480;35
481;"-8.832102";"125.425609";"";"";37;0;7;481;146
482;"-8.558707";"125.568648";"";"";0;0;6;482;215
483;"-8.742613";"126.761678";"";"";39;0;8;483;0
484;"-8.542602";"126.829372";"";"";42;0;8;484;0
485;"-8.636865";"126.546737";"";"";12;0;3;485;0
486;"-8.729397";"126.80124";"";"";39;0;8;486;279
487;"-8.871905";"125.58854";"";"";7;0;2;487;51
488;"-8.454618";"126.441928";"";"";10;0;3;488;69
489;"-8.650213";"125.343071";"";"";45;0;9;489;326
490;"-9.07383";"125.385431";"";"";22;0;5;490;0
491;"-8.989453";"125.515768";"";"";5;0;2;491;34
492;"-9.1410077";"125.208025";"";"";19;0;4;492;152
493;"-8.844133";"126.004023";"";"";48;0;10;493;343
494;"-8.537001";"126.003374";"";"";47;0;10;494;339
495;"-8.8855916";"125.6039683";"";"";5;0;2;495;34
496;"-8.577908";"126.679371";"";"";9;0;3;496;0
497;"-8.769195";"125.410577";"";"";35;0;7;497;243
498;"-8.830206";"125.633305";"";"";7;0;2;498;48
499;"-8.752766";"125.29501";"";"";0;0;7;499;47
500;"-8.782232";"125.101562";"";"";15;0;4;500;0
501;"-8.930757";"125.605997";"";"";0;0;2;501;42
502;"-8.55363";"125.526647";"";"";30;0;6;502;208
503;"-8.750798";"125.90433";"";"";48;0;10;503;343
504;"-8.959553";"125.524233";"";"";5;0;2;504;35
505;"-8.892167";"125.596445";"";"";5;0;2;505;34
506;"-8.488583";"126.77746";"";"";42;0;8;506;301
507;"-8.53832";"125.687335";"";"";29;0;6;507;204
508;"";"";"";"";38;0;7;508;278
509;"-8.52007833";"126.56073";"";"";12;0;3;509;89
510;"-9.02846806";"124.9549187";"";"";20;0;4;510;162
511;"-8.467902";"126.882833";"";"";43;0;8;511;0
512;"-8.659509293";"125.5330013";"";"";2;0;1;512;15
513;"-8.67663333";"125.5505917";"";"";2;0;1;513;15
514;"-8.552843355";"125.5368379";"";"";30;0;6;514;208
515;"-9.32707013";"125.2610938";"";"";21;0;5;515;165
516;"-9.202655";"125.121725";"";"";21;0;5;516;168
517;"-9.290704038";"125.238";"";"";27;0;5;517;192
518;"-9.326952509";"125.2345312";"";"";21;0;5;518;168
519;"-9.143822127";"125.7138323";"";"";53;0;11;519;367
520;"-8.643822877";"126.3759961";"";"";14;0;3;520;108
521;"-8.676796907";"126.3058453";"";"";14;0;3;521;108
522;"-8.687059251";"126.2727229";"";"";14;0;12;522;108
523;"-8.683532725";"126.2463799";"";"";14;0;3;523;108
524;"-8.660962005";"126.2170768";"";"";14;0;12;524;108
525;"-9.239153963";"125.2207464";"";"";27;0;5;525;192
526;"-9.450521224";"125.0890675";"";"";23;0;5;526;0
527;"-9.375879349";"125.1548";"";"";23;0;5;527;0
528;"-9.375840818";"125.1548413";"";"";23;0;5;528;0
529;"-9.351701574";"125.1914991";"";"";21;0;5;529;165
530;"-9.324849556";"125.2391943";"";"";21;0;5;530;165
531;"-9.311965318";"125.2868406";"";"";21;0;5;531;166
532;"-9.281271431";"125.3179164";"";"";21;0;5;532;166
533;"-8.78922645";"125.2580955";"";"";0;0;7;533;249
534;"-9.107458";"125.531498";"";"";5;0;2;534;39
535;"";"";"";"";17;0;4;535;138
536;"-8.973485174";"125.217561";"";"";17;0;4;536;138
537;"-9.006782231";"125.1738321";"";"";17;0;4;537;0
538;"-9.254113348";"125.3449886";"";"";22;0;5;538;174
539;"-9.158511742";"125.4501528";"";"";22;0;5;539;170
540;"-8.567480461";"125.5669518";"";"";0;0;6;540;222
541;"-8.539093";"125.613785";"";"";29;0;6;541;205
542;"-8.55926";"125.579427";"";"";0;0;6;542;223
543;"-8.562917";"125.607325";"";"";29;0;6;543;205
544;"-8.559804";"125.537857";"";"";30;0;6;544;208
545;"-8.8043437";"125.2871907";"";"";0;0;7;545;254
546;"-8.62942";"126.841425";"";"";39;0;8;546;0
547;"";"";"";"";47;0;10;547;338
548;"-9.166959011";"125.716581";"";"";53;0;11;548;367
549;"-8.839625";"125.60062";"";"";7;0;2;549;46
550;"-9.016085393";"125.487089";"";"";5;0;2;550;40
551;"-8.992628464";"125.6348725";"";"";53;0;11;551;374
552;"-9.063762237";"125.9296086";"";"";53;0;11;552;367
553;"-9.063762237";"125.9296086";"";"";53;0;11;553;367
554;"-8.540623";"126.161307";"";"";50;0;10;554;0
555;"-8.62847";"126.658198";"";"";9;0;3;555;63
556;"-8.460755948";"126.4557143";"";"";9;0;3;556;63
557;"-8.600632875";"126.3856659";"";"";14;0;3;557;0
558;"-8.604396084";"126.4022095";"";"";14;0;3;558;0
559;"-8.989202";"125.215159";"";"";17;0;4;559;142
560;"-9.04627456";"125.3821829";"";"";22;0;5;560;176
561;"-8.530445";"126.9650583";"";"";41;0;8;561;294
562;"-8.781232604";"126.3756127";"";"";59;0;12;562;0
563;"-8.830940192";"125.6653641";"";"";7;0;2;563;49
564;"-8.576212036";"126.5292443";"";"";14;0;3;564;0
565;"-9.250483";"125.091946";"";"";24;0;5;565;181
566;"-8.816075";"125.700984";"";"";54;0;11;566;385
567;"";"";"";"";9;0;3;567;64
568;"-9.041124304";"125.5099786";"";"";5;0;2;568;39
569;"-8.51613";"125.9969";"";"";0;0;3;569;0
570;"-8.556719152";"125.5095673";"";"";0;0;14;570;0
571;"-8.460906332";"126.4509513";"";"";0;0;0;571;0
572;"-8.636131564";"125.1401462";"";"";0;0;15;572;0
573;"-8.546198162";"125.6690485";"";"";49;0;10;573;350
574;"-8.48466683";"126.5663047";"";"";12;0;3;574;98
575;"";"";"";"";56;0;11;575;0
576;"";"";"";"";30;0;6;576;0
577;"-8.83851";"125.21749";"";"";18;0;4;577;150
578;"-9.302465";"125.281886";"";"";21;0;5;578;166
579;"-8.842356";"125.06052";"";"";16;0;4;579;125
580;"-8.86015816";"125.9870575";"";"";52;0;10;580;0
581;"-9.036777078";"125.8481587";"";"";55;0;11;581;387
582;"-9.02818687";"126.0017741";"";"";56;0;11;582;0
583;"-9.023720024";"125.9988936";"";"";56;0;11;583;393
584;"";"";"";"";21;0;5;584;165
585;"-9.0325898";"125.9944239";"";"";55;0;11;585;0
586;"-8.978214861";"125.2201534";"";"";17;0;4;586;138
587;"-8.821868486";"125.7044875";"";"";54;0;11;587;382
588;"-8.489902261";"126.3696345";"";"";10;0;3;588;74
589;"-8.531262509";"126.3477342";"";"";13;0;3;589;100
590;"-9.235945916";"125.3662985";"";"";21;0;5;590;167
591;"-9.216502473";"125.3918311";"";"";21;0;5;591;167
592;"-9.192683237";"125.4256926";"";"";22;0;5;592;172
593;"-9.356790603";"125.1663644";"";"";23;0;5;593;179
594;"-9.089056057";"125.3883257";"";"";22;0;5;594;170
595;"-9.246205291";"125.0024831";"";"";0;0;5;595;0
596;"-9.318853904";"125.2625943";"";"";21;0;5;596;168
597;"-9.317014084";"125.2846862";"";"";21;0;5;597;165
598;"-9.095871892";"125.9127122";"";"";55;0;11;598;0
599;"-9.05039";"125.94776";"";"";56;0;11;599;0
600;"-8.556898";"125.568652";"";"";30;0;6;600;0
601;"-8.569692654";"125.6168978";"";"";29;0;6;601;200
602;"-8.560058";"125.597038";"";"";0;0;6;602;221
603;"-8.566722";"125.627995";"";"";29;0;6;603;202
604;"-8.569698333";"125.6160483";"";"";29;0;6;604;200
605;"-8.565605";"125.597005";"";"";29;0;6;605;203
606;"-8.589628";"125.629232";"";"";29;0;6;606;0
607;"-8.565337";"125.631348";"";"";29;0;6;607;202
608;"-8.560882425";"125.5382802";"";"";30;0;6;608;208
609;"-8.549888";"125.688634";"";"";29;0;6;609;204
610;"-8.589713567";"125.5705422";"";"";0;0;6;610;226
611;"-8.554279638";"125.5269177";"";"";30;0;6;611;208
612;"-8.561290562";"125.5410482";"";"";30;0;6;612;208
613;"";"";"";"";2;0;1;613;13
614;"-8.57432192";"125.5422666";"";"";30;0;6;614;0
615;"-8.557740714";"125.5264454";"";"";30;0;6;615;208
616;"-8.556033";"125.575082";"";"";30;0;6;616;0
617;"-8.558345";"125.591715";"";"";0;0;6;617;216
618;"-8.632473";"125.515218";"";"";2;0;6;618;14
619;"-8.605298";"125.527327";"";"";30;0;6;619;0
620;"-8.421478";"126.771594";"";"";42;0;8;620;0
621;"-8.395427942";"127.2550303";"";"";40;0;8;621;286
622;"-8.4008";"127.282128";"";"";40;0;8;622;286
623;"-8.351192";"126.918673";"";"";43;0;8;623;0
624;"-8.381088554";"127.014";"";"";43;0;8;624;304
625;"-8.380344";"127.014768";"";"";43;0;8;625;304
626;"-8.983709086";"125.2113321";"";"";17;0;4;626;140
627;"-8.996707";"125.036722";"";"";20;0;4;627;0
628;"-9.064317";"125.260322";"";"";16;0;4;628;135
629;"-8.849180668";"125.060276";"";"";15;0;4;629;117
630;"-8.953699";"125.211722";"";"";17;0;4;630;138
631;"-9.045066099";"125.3587268";"";"";16;0;4;631;128
632;"-8.964084193";"124.9652653";"";"";20;0;4;632;160
633;"-9.108657";"125.4076782";"";"";22;0;5;633;176
634;"-9.135175";"125.4339";"";"";22;0;5;634;174
635;"-8.987936";"125.221557";"";"";17;0;4;635;138
636;"-8.993655";"125.229029";"";"";16;0;4;636;118
637;"-8.667083887";"126.3696996";"";"";59;0;12;637;63
638;"-8.874091703";"126.5074233";"";"";0;0;12;638;404
639;"-8.835047454";"126.5190252";"";"";0;0;12;639;98
640;"-8.758210235";"126.6726258";"";"";0;0;12;640;0
641;"-8.883413867";"126.3770105";"";"";61;0;12;641;424
642;"-8.943337548";"126.1048039";"";"";57;0;12;642;0
643;"-8.910550152";"126.2849614";"";"";61;0;12;643;422
644;"-8.538232895";"126.1632789";"";"";50;0;10;644;353
645;"-8.514341";"126.01953";"";"";47;0;10;645;336
646;"-8.538348";"126.168336";"";"";49;0;10;646;349
647;"-8.553912";"125.973685";"";"";47;0;10;647;339
648;"-8.538638";"126.175678";"";"";50;0;10;648;353
649;"-8.611847607";"125.6602783";"";"";4;0;1;649;26
650;"-8.550249";"125.976684";"";"";47;0;10;650;339
651;"-8.996867481";"125.5052188";"";"";5;0;2;651;36
652;"-8.996867481";"125.5052188";"";"";5;0;2;652;34
653;"-9.120016186";"125.5436247";"";"";5;0;2;653;39
654;"-8.984772761";"125.4964007";"";"";5;0;2;654;34
655;"-8.594954759";"125.3380721";"";"";44;0;9;655;29
656;"-8.606362804";"125.2109099";"";"";46;0;9;656;335
657;"-8.604808015";"125.286669";"";"";45;0;9;657;324
658;"-8.618974625";"125.1756257";"";"";46;0;9;658;335
659;"-8.630088894";"125.1538635";"";"";46;0;9;659;332
660;"-8.744364515";"125.1325197";"";"";15;0;9;660;114
661;"-8.729032276";"125.4359428";"";"";35;0;7;661;240
662;"-8.761355456";"125.4238346";"";"";35;0;7;662;240
663;"-8.864678538";"125.4254897";"";"";37;0;7;663;269
664;"-8.548020351";"125.5894646";"";"";29;0;6;664;0
665;"-8.864745";"125.957339";"";"";52;0;10;665;362
666;"-8.97295";"125.2224";"";"";17;0;4;666;138
667;"-8.860091738";"126.3653734";"";"";57;0;12;667;0
668;"-8.778570918";"125.3828372";"";"";0;0;7;668;259
669;"-8.867221596";"126.3648582";"";"";57;0;12;669;0
670;"-9.067956457";"125.682897";"";"";51;0;10;670;356
671;"-8.557897";"125.645833";"";"";29;0;6;671;205
672;"-8.570168991";"125.3815141";"";"";44;0;9;672;320
673;"-8.744537";"125.132595";"";"";15;0;4;673;114
674;"-9.063762237";"125.9296086";"";"";53;0;11;674;367
675;"-9.047384683";"125.8452134";"";"";55;0;11;675;0
676;"-8.744835255";"125.1323952";"";"";0;0;14;676;0
677;"-9.133752738";"125.8343061";"";"";17;0;4;677;138
678;"-8.518704";"126.041478";"";"";47;0;10;678;336
679;"-8.60025038";"125.588725";"";"";0;0;1;679;7
680;"";"";"";"";0;0;15;680;0
681;"";"";"";"";0;0;14;681;0
682;"";"";"";"";0;0;14;682;0
683;"-8.97704311";"126.042558";"";"";51;0;10;683;356
684;"-9.13678";"125.56585";"";"";5;0;2;684;39
685;"";"";"";"";35;0;7;685;239
686;"-8.69710104";"125.5381026";"";"";0;0;1;686;0
687;"-8.93447073";"125.5967862";"";"";0;0;2;687;43
688;"-8.930828577";"125.6058841";"";"";0;0;2;688;43
689;"-9.148442317";"125.6867364";"";"";53;0;11;689;367
690;"-9.143956502";"125.6714098";"";"";53;0;11;690;367
691;"-9.071313";"125.205034";"";"";17;0;4;691;142
692;"-9.241062259";"125.1219798";"";"";24;0;5;692;183
693;"-8.722783306";"125.3781766";"";"";35;0;7;693;244
694;"-8.723493246";"125.4245163";"";"";35;0;7;694;244
695;"-8.144835";"125.633515";"";"";28;0;6;695;197
696;"-8.4834833";"126.457815";"";"";10;0;3;696;73
697;"-8.667064857";"126.3695332";"";"";0;0;0;697;0
698;"-8.478883";"126.580538";"";"";10;0;3;698;73
699;"-8.60025038";"125.588725";"";"";0;0;1;699;7
700;"";"";"";"";30;0;6;700;208
701;"-8.589233";" 125.594592";"";"";0;0;6;701;224
702;"";"";"";"";29;0;6;702;199
703;"-8.473154";"126.455286";"";"";0;0;14;703;0
704;"-8.556825";"125.565926";"";"";0;0;6;704;222
705;"";"";"";"";30;0;6;705;0
706;"";"";"";"";0;0;6;706;215
707;"";"";"";"";0;0;6;707;215
708;"-8.588082";"125.578103";"";"";0;0;6;708;215
709;"-8.798224";"125.313986";"";"";0;0;7;709;249
710;"";"";"";"";62;0;13;710;0
711;"-9.451043";"124.301562";"";"";65;0;13;711;449
712;"-8.628864";"125.383441";"";"";44;0;9;712;316
713;"";"";"";"";2;0;1;713;15
714;"-8.657401";"126.416355";"";"";14;0;3;714;0
715;"-9.040192";"125.542802";"";"";55;0;11;715;387
716;"-8.534101";"125.614908";"";"";29;0;6;716;205
717;"-8.567773";"125.583483";"";"";0;0;6;717;215
718;"";"";"";"";16;0;4;718;132
719;"-8.86351";"125.426296";"";"";37;0;7;719;0
720;"-8.882027";"125.432193";"";"";37;0;7;720;267
721;"-8.526453";"126.183996";"";"";13;0;3;721;0
722;"-8.557828";"125.59169";"";"";0;0;6;722;218
723;"-8.732534";"125.168766";"";"";46;0;9;723;0
724;"-8.556423";"125.916452";"";"";49;0;10;724;350
725;"-8.565725";"125.573282";"";"";0;0;6;725;224
726;"-8.936305";"125.629152";"";"";53;0;11;726;371
727;"-8.810774";"125.318571";"";"";0;0;7;727;0
728;"-8.94692387";"126.1104934";"";"";57;0;12;728;0
729;"-8.518339";"126.021108";"";"";47;0;10;729;339
730;"-8.561137557";"125.5721644";"";"";0;0;6;730;222
731;"-8.538921607";"125.5363822";"";"";30;0;6;731;208
732;"-9.090185661";"125.9064129";"";"";55;0;11;732;0
733;"-8.560644407";"125.5457618";"";"";30;0;6;733;208
734;"-8.923729384";"125.1821643";"";"";17;0;4;734;138
735;"-9.314212151";"125.2624775";"";"";21;0;5;735;168
736;"-8.600137";"125.587133";"";"";0;0;6;736;225
737;"-8.548208";"125.589453";"";"";29;0;6;737;0
738;"-8.567685";"125.58328";"";"";29;0;6;738;203
739;"-8.559238";"125.596762";"";"";29;0;6;739;0
740;"-8.545948";"125.681438";"";"";29;0;6;740;204
741;"-8.555742";"125.6529";"";"";29;0;6;741;204
742;"-8.557135";"125.644255";"";"";29;0;6;742;204
743;"-8.605567156";"125.5305076";"";"";30;0;6;743;0
744;"-8.57841352";"125.5439462";"";"";30;0;6;744;0
745;"-8.57372";"126.161006";"";"";50;0;10;745;0
746;"-8.498163289";"126.6765664";"";"";11;0;3;746;80
747;"-8.498163289";"126.6765664";"";"";11;0;3;747;80
748;"-9.03303633";"125.3248278";"";"";16;0;4;748;131
749;"-9.236712062";"125.1446131";"";"";24;0;5;749;183
750;"-8.628414";"125.315761";"";"";45;0;9;750;326
751;"-8.735260429";"126.3709036";"";"";59;0;12;751;0
752;"-8.508212";"126.976221";"";"";41;0;8;752;289
753;"-8.509434";"126.86831";"";"";41;0;8;753;289
754;"";"";"";"";44;0;9;754;320
755;"";"";"";"";55;0;11;755;387
756;"-8.6441";"126.497118";"";"";12;0;3;756;93
757;"-8.904914";"125.211839";"";"";17;0;4;757;125
758;"-8.545972";"125.681432";"";"";29;0;6;758;204
759;"-9.146767";"125.54376";"";"";5;0;2;759;39
760;"-8.536617";"125.7072202";"";"";29;0;6;760;204
761;"-8.801572";"125.153429";"";"";15;0;4;761;0
762;"-8.561756";"125.646001";"";"";29;0;6;762;204
763;"";"";"";"";53;0;11;763;367
764;"";"";"";"";47;0;10;764;336
765;"-8.961876";"125.222191";"";"";17;0;4;765;140
766;"";"";"";"";61;0;12;766;426
767;"";"";"";"";19;0;4;767;157
768;"";"";"";"";12;0;3;768;98
769;"";"";"";"";52;0;10;769;0
770;"";"";"";"";22;0;5;770;170
771;"-8.574282";"125.583522";"";"";0;0;6;771;215
772;"";"";"";"";12;0;3;772;98
773;"";"";"";"";29;0;6;773;208
774;"";"";"";"";30;0;6;774;208
775;"";"";"";"";29;0;6;775;204
776;"-8.876823";"125.25829";"";"";18;0;4;776;148
777;"";"";"";"";11;0;3;777;77
778;"";"";"";"";0;0;1;778;0
779;"";"";"";"";52;0;10;779;365
780;"";"";"";"";21;0;5;780;164
781;"";"";"";"";0;0;12;781;61
782;"";"";"";"";0;0;6;782;222
783;"";"";"";"";38;0;7;783;275
784;"";"";"";"";0;0;1;784;0
785;"";"";"";"";46;0;9;785;332
786;"";"";"";"";53;0;11;786;372
787;"";"";"";"";10;0;3;787;64
788;"";"";"";"";57;0;12;788;398
789;"";"";"";"";49;0;10;789;350
790;"";"";"";"";59;0;12;790;406
791;"";"";"";"";61;0;12;791;426
792;"";"";"";"";16;0;4;792;125
793;"";"";"";"";54;0;11;793;375
794;"";"";"";"";17;0;4;794;140
795;"";"";"";"";8;0;2;795;53
796;"";"";"";"";30;0;6;796;208
797;"-8.667527";"126.747833";"";"";39;0;8;797;0
798;"";"";"";"";39;0;8;798;0
799;"";"";"";"";39;0;8;799;0
800;"";"";"";"";0;0;0;800;0
801;"";"";"";"";0;0;14;801;0
802;"";"";"";"";43;0;8;802;304
803;"";"";"";"";30;0;6;803;208
804;"";"";"";"";53;0;11;804;371
805;"-8.676644";"125.55058";"";"";2;0;1;805;14
806;"";"";"";"";23;0;5;806;179
807;"";"";"";"";53;0;11;807;368
808;"";"";"";"";30;0;6;808;0
809;"";"";"";"";14;0;3;809;0
810;"";"";"";"";21;0;5;810;164
811;"";"";"";"";27;0;5;811;190
812;"";"";"";"";21;0;5;812;166
813;"";"";"";"";23;0;5;813;0
814;"";"";"";"";22;0;5;814;172
815;"";"";"";"";27;0;5;815;190
816;"";"";"";"";55;0;11;816;387
817;"";"";"";"";0;0;6;817;221
818;"";"";"";"";29;0;6;818;204
819;"";"";"";"";44;0;6;819;320
820;"";"";"";"";44;0;9;820;320
821;"";"";"";"";45;0;9;821;320
822;"-8.574268";"125.471926";"";"";44;0;9;822;320
823;"";"";"";"";0;0;14;823;0
824;"";"";"";"";0;0;14;824;0
825;"";"";"";"";0;0;14;825;0
826;"";"";"";"";0;0;14;826;0
827;"";"";"";"";0;0;14;827;0
828;"";"";"";"";0;0;14;828;0
829;"";"";"";"";0;0;6;829;0
830;"";"";"";"";0;0;6;830;224
831;"";"";"";"";29;0;6;831;205
832;"";"";"";"";29;0;6;832;205
833;"";"";"";"";30;0;6;833;208
834;"";"";"";"";30;0;6;834;208
835;"";"";"";"";30;0;6;835;0
836;"";"";"";"";30;0;6;836;0
837;"";"";"";"";28;0;6;837;198
838;"";"";"";"";28;0;6;838;194
839;"";"";"";"";0;0;6;839;215
840;"";"";"";"";29;0;6;840;200
841;"";"";"";"";42;0;8;841;0
842;"";"";"";"";41;0;8;842;0
843;"";"";"";"";41;0;8;843;0
844;"";"";"";"";42;0;8;844;301
845;"";"";"";"";39;0;8;845;0
846;"";"";"";"";17;0;4;846;120
847;"";"";"";"";16;0;4;847;127
848;"";"";"";"";0;0;12;848;418
849;"";"";"";"";59;0;12;849;407
850;"";"";"";"";9;0;3;850;61
851;"";"";"";"";59;0;12;851;407
852;"";"";"";"";48;0;10;852;343
853;"";"";"";"";0;0;14;853;0
854;"";"";"";"";0;0;14;854;0
855;"";"";"";"";0;0;14;855;0
856;"";"";"";"";0;0;14;856;0
857;"";"";"";"";0;0;14;857;0
858;"";"";"";"";0;0;14;858;0
859;"";"";"";"";0;0;14;859;0
860;"";"";"";"";0;0;14;860;0
861;"";"";"";"";0;0;14;861;0
862;"";"";"";"";0;0;14;862;0
863;"";"";"";"";0;0;14;863;0
864;"";"";"";"";0;0;14;864;0
865;"";"";"";"";29;0;6;865;204
866;"";"";"";"";0;0;14;866;0
867;"";"";"";"";0;0;14;867;0
868;"";"";"";"";0;0;0;868;0
869;"-8.747";"126.4279";"";"";59;0;12;869;413
870;"-8.8739";"126.50742";"";"";59;0;12;870;413
871;"";"";"";"";59;0;12;871;413
872;"";"";"";"";59;0;12;872;413
873;"-8.72121";"126.4511";"";"";59;0;12;873;413
874;"";"";"";"";59;0;12;874;413
875;"";"";"";"";29;0;6;875;200
876;"";"";"";"";44;0;9;876;320
877;"";"";"";"";9;0;3;877;64
878;"";"";"";"";0;0;12;878;402
879;"";"";"";"";57;0;12;879;0
880;"";"";"";"";30;0;6;880;0
881;"";"";"";"";30;0;6;881;208
882;"";"";"";"";53;0;11;882;372
883;"";"";"";"";0;0;1;883;20
884;"";"";"";"";46;0;9;884;0
885;"";"";"";"";38;0;7;885;0
886;"";"";"";"";21;0;5;886;168
887;"";"";"";"";59;0;12;887;407
888;"";"";"";"";0;0;12;888;61
889;"";"";"";"";49;0;10;889;348
890;"";"";"";"";20;0;4;890;160
891;"";"";"";"";34;0;7;891;227
892;"";"";"";"";0;0;6;892;216
893;"";"";"";"";30;0;6;893;208
894;"";"";"";"";17;0;4;894;0
895;"";"";"";"";0;0;12;895;404
896;"";"";"";"";37;0;7;896;269
897;"";"";"";"";0;0;6;897;220
898;"";"";"";"";0;0;6;898;220
899;"";"";"";"";29;0;6;899;200
900;"";"";"";"";61;0;12;900;424
901;"";"";"";"";48;0;10;901;342
902;"";"";"";"";21;0;5;902;164
903;"";"";"";"";29;0;6;903;202
904;"";"";"";"";5;0;2;904;34
905;"";"";"";"";29;0;6;905;0
906;"";"";"";"";0;0;6;906;223
907;"";"";"";"";0;0;6;907;0
908;"";"";"";"";0;0;14;908;0
909;"";"";"";"";7;0;2;909;46
910;"";"";"";"";44;0;9;910;320
911;"";"";"";"";35;0;7;911;240
912;"";"";"";"";0;0;7;912;254
913;"";"";"";"";38;0;7;913;271
914;"";"";"";"";35;0;7;914;243
915;"";"";"";"";37;0;7;915;268
916;"";"";"";"";37;0;7;916;268
917;"";"";"";"";44;0;9;917;320
918;"";"";"";"";0;0;6;918;225
919;"";"";"";"";0;0;1;919;0
920;"";"";"";"";0;0;1;920;19
921;"";"";"";"";11;0;3;921;77
922;"";"";"";"";52;0;10;922;0
923;"";"";"";"";49;0;10;923;351
924;"";"";"";"";55;0;11;924;387
925;"";"";"";"";54;0;11;925;382
926;"";"";"";"";0;0;12;926;0
927;"";"";"";"";0;0;12;927;402
928;"";"";"";"";61;0;12;928;426
929;"";"";"";"";19;0;4;929;152
930;"";"";"";"";40;0;8;930;285
931;"";"";"";"";0;0;0;931;0
932;"";"";"";"";15;0;4;932;0
933;"";"";"";"";12;0;3;933;87
934;"";"";"";"";55;0;11;934;387
935;"";"";"";"";10;0;3;935;69
936;"";"";"";"";0;0;12;936;417
937;"";"";"";"";31;0;6;937;0
938;"";"";"";"";4;0;1;938;0
939;"";"";"";"";31;0;6;939;0
940;"";"";"";"";17;0;4;940;140
941;"";"";"";"";10;0;3;941;64
942;"";"";"";"";35;0;7;942;239
943;"";"";"";"";43;0;8;943;304
944;"";"";"";"";0;0;6;944;223
945;"";"";"";"";0;0;6;945;223
946;"";"";"";"";16;0;4;946;135
947;"";"";"";"";35;0;7;947;239
948;"";"";"";"";51;0;10;948;356
949;"";"";"";"";53;0;11;949;367
950;"";"";"";"";0;0;14;950;0
951;"";"";"";"";0;0;0;951;0
952;"";"";"";"";0;0;14;952;0
953;"";"";"";"";0;0;14;953;0
954;"";"";"";"";30;0;6;954;208
955;"";"";"";"";22;0;5;955;171
956;"";"";"";"";22;0;5;956;174
957;"";"";"";"";22;0;5;957;174
958;"-8.72213";"125.57148";"";"";0;0;1;958;1
959;"-8.697178";"125.53808";"";"";0;0;1;959;0
960;"-8.707332";"125.53675";"";"";0;0;1;960;0
961;"-8.716063";"125.52129";"";"";0;0;1;961;0
962;"-8.71877";"125.52328";"";"";0;0;1;962;0
963;"-8.797366";"125.52683";"";"";0;0;1;963;0
964;"-9.109642";"125.663989";"";"";8;0;2;964;0
965;"-9.125747";"125.659442";"";"";8;0;2;965;0
966;"-9.109383";"125.664008";"";"";8;0;2;966;0
967;"";"";"";"";8;0;2;967;0
968;"";"";"";"";7;0;2;968;46
969;"";"";"";"";7;0;2;969;0
970;"";"";"";"";7;0;2;970;0
971;"";"";"";"";53;0;11;971;374
972;"";"";"";"";51;0;10;972;0
973;"-8.541547";"125.974012";"";"";47;0;10;973;339
974;"";"";"";"";51;0;10;974;356
975;"-8.54472865";"125.5447556";"";"";45;0;9;975;323
976;"";"";"";"";12;0;3;976;98
977;"";"";"";"";12;0;3;977;86
978;"";"";"";"";11;0;3;978;76
979;"";"";"";"";12;0;3;979;98
980;"";"";"";"";14;0;3;980;0
981;"";"";"";"";14;0;3;981;0
982;"";"";"";"";14;0;3;982;0
983;"";"";"";"";12;0;3;983;90
984;"";"";"";"";12;0;3;984;84
985;"";"";"";"";12;0;3;985;84
986;"";"";"";"";10;0;3;986;73
987;"";"";"";"";10;0;3;987;73
988;"";"";"";"";12;0;3;988;84
989;"-8.87633";"125.24661";"";"";18;0;4;989;148
990;"-8.876999";"125.269788";"";"";18;0;4;990;148
991;"-9.092008";"125.19707";"";"";17;0;4;991;142
992;"-8.5958548";"125.1936381";"";"";16;0;4;992;133
993;"-9.251311";"125.194394";"";"";16;0;4;993;0
994;"-9.237073";"125.1914878";"";"";16;0;4;994;133
995;"-9.065679";"125.3357";"";"";16;0;4;995;132
996;"-9.140698";"125.2086";"";"";19;0;4;996;151
997;"";"";"";"";16;0;4;997;135
998;"-8.782208";"125.101784";"";"";15;0;4;998;114
999;"";"";"";"";16;0;4;999;135
1000;"";"";"";"";18;0;4;1000;0
1001;"";"";"";"";16;0;4;1001;125
1002;"";"";"";"";15;0;4;1002;0
1003;"";"";"";"";15;0;4;1003;0
1004;"";"";"";"";15;0;4;1004;0
1005;"";"";"";"";15;0;4;1005;0
1006;"";"";"";"";15;0;4;1006;0
1007;"";"";"";"";15;0;4;1007;0
1008;"";"";"";"";15;0;4;1008;0
1009;"";"";"";"";15;0;4;1009;0
1010;"";"";"";"";15;0;4;1010;0
1011;"-9.287934";"125.19673";"";"";27;0;5;1011;192
1012;"";"";"";"";24;0;5;1012;183
1013;"";"";"";"";24;0;5;1013;183
1014;"-8.7925";"125.3438";"";"";0;0;7;1014;259
1015;"-8.7134";"125.4333";"";"";35;0;7;1015;242
1016;"";"";"";"";35;0;7;1016;244
1017;"";"";"";"";37;0;7;1017;269
1018;"";"";"";"";35;0;7;1018;246
1019;"-8.673310358";"125.4411951";"";"";38;0;7;1019;276
1020;"";"";"";"";0;0;7;1020;0
1021;"-8.7834";"125.374675";"";"";0;0;7;1021;0
1022;"";"";"";"";37;0;7;1022;263
1023;"";"";"";"";0;0;7;1023;0
1024;"";"";"";"";41;0;8;1024;295
1025;"-8.494551";"126.993145";"";"";41;0;8;1025;292
1026;"";"";"";"";41;0;8;1026;295
1027;"-8.49886";"127.000142";"";"";41;0;8;1027;292
1028;"-8.698382";"126.820213";"";"";39;0;8;1028;0
1029;"-8.69845";"126.807758";"";"";39;0;8;1029;0
1030;"-8.686946";"126.765234";"";"";39;0;8;1030;0
1031;"";"";"";"";41;0;8;1031;0
1032;"";"";"";"";41;0;8;1032;0
1033;"-8.62841227";"125.3157598";"";"";45;0;9;1033;324
1034;"";"";"";"";46;0;9;1034;0
1035;"";"";"";"";28;0;6;1035;0
1036;"";"";"";"";28;0;6;1036;0
1037;"";"";"";"";28;0;6;1037;197
1038;"-8.2711";"125.5929";"";"";28;0;6;1038;197
1039;"";"";"";"";30;0;6;1039;0
1040;"";"";"";"";59;0;12;1040;0
1041;"-8.750903";"126.34431";"";"";59;0;12;1041;0
1042;"";"";"";"";59;0;12;1042;0
1043;"";"";"";"";0;0;6;1043;215
1044;"";"";"";"";30;0;6;1044;208
1045;"";"";"";"";30;0;6;1045;208
1046;"";"";"";"";0;0;14;1046;0
1047;"";"";"";"";55;0;11;1047;0
1048;"";"";"";"";44;0;9;1048;29
1049;"";"";"";"";19;0;4;1049;152
1050;"";"";"";"";0;0;6;1050;222
1051;"";"";"";"";10;0;3;1051;73
1052;"";"";"";"";61;0;12;1052;424
1053;"";"";"";"";37;0;7;1053;0
1054;"";"";"";"";37;0;7;1054;268
1055;"";"";"";"";0;0;15;1055;0
1056;"";"";"";"";29;0;6;1056;200
1057;"";"";"";"";30;0;6;1057;0
1058;"";"";"";"";7;0;2;1058;51
1059;"-9.295968";"125.23961";"";"";27;0;5;1059;0
1060;"";"";"";"";59;0;12;1060;407
1061;"";"";"";"";57;0;12;1061;0
1062;"";"";"";"";29;0;6;1062;200
1063;"";"";"";"";29;0;6;1063;202
1064;"-8.5536";"125.511703";"";"";30;0;6;1064;208
1065;"";"";"";"";0;0;12;1065;61
1066;"";"";"";"";49;0;10;1066;350
1067;"";"";"";"";4;0;1;1067;26
1068;"";"";"";"";30;0;6;1068;208
1069;"";"";"";"";55;0;11;1069;387
1070;"";"";"";"";17;0;4;1070;140
1071;"";"";"";"";17;0;4;1071;140
1072;"";"";"";"";4;0;1;1072;0
1073;"";"";"";"";55;0;11;1073;387
1074;"";"";"";"";17;0;4;1074;139
1075;"";"";"";"";44;0;9;1075;320
1076;"";"";"";"";30;0;6;1076;208
1077;"";"";"";"";44;0;9;1077;320
1078;"";"";"";"";0;0;0;1078;0
1079;"";"";"";"";29;0;6;1079;204
1080;"";"";"";"";47;0;10;1080;336
1081;"";"";"";"";5;0;2;1081;39
1082;"";"";"";"";30;0;6;1082;0
1083;"";"";"";"";23;0;5;1083;178
1084;"";"";"";"";0;0;1;1084;1
1085;"";"";"";"";16;0;4;1085;0
1086;"";"";"";"";30;0;6;1086;208
1087;"";"";"";"";43;0;8;1087;312
1088;"";"";"";"";0;0;6;1088;222
1089;"";"";"";"";0;0;12;1089;61
1090;"";"";"";"";57;0;12;1090;0
1091;"";"";"";"";9;0;3;1091;64
1092;"";"";"";"";0;0;0;1092;0
1093;"";"";"";"";38;0;7;1093;0
1094;"";"";"";"";46;0;9;1094;332
1095;"";"";"";"";53;0;11;1095;372
1096;"";"";"";"";0;0;14;1096;0
1097;"";"";"";"";10;0;3;1097;73
1098;"";"";"";"";7;0;2;1098;51
1099;"";"";"";"";0;0;6;1099;220
1100;"";"";"";"";0;0;6;1100;220
1101;"";"";"";"";12;0;3;1101;85
1102;"";"";"";"";11;0;3;1102;76
1103;"";"";"";"";0;0;0;1103;0
1104;"";"";"";"";17;0;4;1104;140
1105;"";"";"";"";43;0;8;1105;304
1106;"";"";"";"";41;0;8;1106;287
1107;"";"";"";"";0;0;6;1107;0
1108;"";"";"";"";0;0;0;1108;0
1109;"";"";"";"";0;0;6;1109;0
1110;"";"";"";"";43;0;8;1110;304
1111;"";"";"";"";0;0;12;1111;98
1112;"";"";"";"";0;0;0;1112;0
1113;"";"";"";"";0;0;0;1113;0
1114;"";"";"";"";0;0;0;1114;0
1115;"-8.877844281";"125.5315574";"";"";0;0;2;1115;0
1116;"";"";"";"";0;0;0;1116;0
1117;"";"";"";"";0;0;0;1117;0
1118;"";"";"";"";0;0;0;1118;0
1119;"";"";"";"";0;0;0;1119;0
1120;"";"";"";"";0;0;0;1120;0
1121;"";"";"";"";0;0;0;1121;0
1122;"";"";"";"";0;0;0;1122;0
1123;"";"";"";"";0;0;0;1123;0
1124;"";"";"";"";0;0;0;1124;0
1125;"";"";"";"";0;0;0;1125;0
1126;"";"";"";"";0;0;0;1126;0
1127;"";"";"";"";0;0;0;1127;0
1128;"";"";"";"";0;0;0;1128;0
1129;"";"";"";"";0;0;0;1129;0
1130;"";"";"";"";0;0;0;1130;0
1131;"";"";"";"";0;0;0;1131;0
1132;"";"";"";"";0;0;0;1132;0
1133;"";"";"";"";0;0;0;1133;0
1134;"";"";"";"";0;0;0;1134;0
1135;"";"";"";"";0;0;0;1135;0
1136;"";"";"";"";0;0;0;1136;0
1137;"";"";"";"";0;0;0;1137;0
1138;"";"";"";"";0;0;0;1138;0
1139;"";"";"";"";0;0;0;1139;0
1140;"";"";"";"";0;0;0;1140;0
1141;"";"";"";"";0;0;0;1141;0
1142;"";"";"";"";0;0;0;1142;0
1143;"";"";"";"";0;0;0;1143;0
1144;"";"";"";"";0;0;0;1144;0
1145;"";"";"";"";0;0;0;1145;0
1146;"";"";"";"";0;0;0;1146;0
1147;"";"";"";"";0;0;0;1147;0
1148;"";"";"";"";0;0;0;1148;0
1149;"";"";"";"";0;0;0;1149;0
1150;"";"";"";"";0;0;0;1150;0
1151;"";"";"";"";0;0;0;1151;0
1152;"";"";"";"";0;0;0;1152;0
1153;"";"";"";"";0;0;0;1153;0
1154;"";"";"";"";0;0;0;1154;0
1155;"";"";"";"";0;0;0;1155;0
1156;"";"";"";"";0;0;0;1156;0
1157;"";"";"";"";0;0;0;1157;0
1158;"";"";"";"";0;0;0;1158;0
1159;"";"";"";"";0;0;0;1159;0
1160;"";"";"";"";0;0;0;1160;0
1161;"";"";"";"";0;0;0;1161;0
1162;"";"";"";"";0;0;0;1162;0
1163;"";"";"";"";0;0;0;1163;0
1165;"";"";"";"";33;0;6;1165;226
1166;"";"";"";"";0;0;8;1166;0
1167;"";"";"";"";0;0;4;1167;0
1168;"";"";"";"";0;0;1;1168;0
1169;"";"";"";"";0;0;1;1169;0
1170;"";"";"";"";0;0;8;1170;0
1171;"";"";"";"";0;0;0;1171;0
1172;"";"";"";"";0;0;0;1172;0
1173;"";"";"";"";0;0;0;1173;0
1174;"";"";"";"";0;0;0;1174;0
1175;"";"";"";"";0;0;0;1175;0
1176;"";"";"";"";0;0;0;1176;0
1177;"";"";"";"";0;0;0;1177;0
1178;"";"";"";"";0;0;5;1178;0
1179;"";"";"";"";0;0;5;1179;0
1180;"";"";"";"";0;0;2;1180;0
1181;"";"";"";"";0;0;9;1181;0
1182;"";"";"";"";0;0;2;1182;0
1183;"";"";"";"";0;0;12;1183;0
1184;"";"";"";"";0;0;0;1184;0
1185;"";"";"";"";0;0;0;1185;0
1186;"";"";"";"";0;0;3;1186;0
1187;"";"";"";"";0;0;0;1187;0
1188;"";"";"";"";0;0;0;1188;0
1189;"";"";"";"";0;0;0;1189;0
1190;"";"";"";"";0;0;11;1190;0
1191;"";"";"";"";0;0;0;1191;0
1192;"";"";"";"";0;0;2;1192;0
1193;"";"";"";"";0;0;0;1193;0
1194;"";"";"";"";0;0;0;1194;0
1195;"";"";"";"";0;0;0;1195;0
1196;"";"";"";"";0;0;0;1196;0
1197;"";"";"";"";0;0;0;1197;0
1198;"";"";"";"";0;0;0;1198;0
1199;"";"";"";"";0;0;0;1199;0
1200;"";"";"";"";0;0;0;1200;0
1201;"";"";"";"";0;0;0;1201;0
1202;"";"";"";"";0;0;0;1202;0
1203;"";"";"";"";0;0;0;1203;0
1204;"";"";"";"";0;0;0;1204;0
1205;"";"";"";"";0;0;0;1205;0
1206;"";"";"";"";0;0;0;1206;0
1207;"-8.779422272";"125.5574183";"";"";0;0;0;1207;0
1208;"";"";"";"";0;0;0;1208;0
1209;"";"";"";"";0;0;0;1209;0
1210;"";"";"";"";0;0;0;1210;0
1211;"";"";"";"";0;0;0;1211;0
1212;"";"";"";"";0;0;0;1212;0
1213;"";"";"";"";0;0;0;1213;0
1214;"";"";"";"";0;0;0;1214;0
1215;"";"";"";"";0;0;0;1215;0
1216;"";"";"";"";0;0;0;1216;0
1217;"";"";"";"";0;0;0;1217;0
1219;"";"";"";"";0;0;0;1219;0
1220;"";"";"";"";0;0;0;1220;0
1231;"";"";"";"";0;0;0;1231;0
1232;"";"";"";"";0;0;0;1232;0
1233;"";"";"";"";0;0;0;1233;0
1235;"";"";"";"";0;0;0;1235;0
1237;"";"";"";"";0;0;0;1237;0
1238;"";"";"";"";0;0;0;1238;0
1239;"";"";"";"";0;0;0;1239;0
1240;"";"";"";"";0;0;0;1240;0
1241;"";"";"";"";0;0;0;1241;0
1242;"";"";"";"";0;0;0;1242;0
1243;"";"";"";"";0;0;0;1243;0
1245;"";"";"";"";0;0;0;1245;0
1250;"";"";"";"";0;0;0;1250;0
1252;"";"";"";"";0;0;0;1252;0
1253;"";"";"";"";0;0;0;1253;0
1254;"";"";"";"";0;0;0;1254;0
1255;"";"";"";"";0;0;0;1255;0
1256;"";"";"";"";0;0;0;1256;0
1257;"";"";"";"";0;0;0;1257;0
1259;"";"";"";"";0;0;0;1259;0
1260;"";"";"";"";0;0;0;1260;0
1261;"-8.725989531";"125.3002332";"";"";0;0;9;1261;0
1262;"";"";"";"";0;0;0;1262;0
1263;"";"";"";"";0;0;0;1263;0
1264;"";"";"";"";0;0;0;1264;0
1265;"";"";"";"";0;0;0;1265;0
1266;"";"";"";"";0;0;0;1266;0
1267;"";"";"";"";0;0;0;1267;0
1268;"";"";"";"";0;0;0;1268;0
1269;"";"";"";"";0;0;0;1269;0
1270;"";"";"";"";0;0;0;1270;0
1271;"";"";"";"";0;0;0;1271;0
1272;"";"";"";"";0;0;0;1272;0
1273;"";"";"";"";0;0;0;1273;0
1274;"";"";"";"";0;0;0;1274;0
1275;"";"";"";"";0;0;0;1275;0
1276;"";"";"";"";0;0;0;1276;0
1277;"";"";"";"";0;0;0;1277;0
1278;"";"";"";"";0;0;0;1278;0
1279;"";"";"";"";0;0;0;1279;0
1280;"";"";"";"";0;0;0;1280;0
1281;"";"";"";"";0;0;0;1281;0
1282;"";"";"";"";0;0;0;1282;0
1283;"";"";"";"";0;0;0;1283;0
1284;"";"";"";"";0;0;0;1284;0
1285;"";"";"";"";0;0;0;1285;0
1301;"";"";"";"";0;0;0;1301;0
1307;"";"";"";"";0;0;0;1307;0
1308;"";"";"";"";0;0;0;1308;0
1309;"";"";"";"";0;0;0;1309;0
1310;"";"";"";"";0;0;0;1310;0
1311;"";"";"";"";0;0;0;1311;0
1313;"";"";"";"";0;0;0;1313;0
1314;"";"";"";"";0;0;0;1314;0
1315;"";"";"";"";0;0;0;1315;0
1316;"";"";"";"";0;0;0;1316;0
1400;"";"";"";"";0;0;11;1400;0
1401;"";"";"";"";0;0;6;1401;0
1403;"";"";"";"";0;0;10;1403;0
1410;"";"";"";"";0;0;3;1410;0
1411;"";"";"";"";0;0;5;1411;0
1413;"";"";"";"";0;0;10;1413;0
1414;"";"";"";"";0;0;2;1414;0
1415;"";"";"";"";0;0;3;1415;0
1416;"";"";"";"";0;0;6;1416;0
1417;"";"";"";"";0;0;1;1417;0
1418;"";"";"";"";0;0;6;1418;0
1420;"";"";"";"";0;0;6;1420;0
1423;"";"";"";"";0;0;6;1423;0
1424;"";"";"";"";0;0;6;1424;0
1427;"";"";"";"";0;0;6;1427;0
1429;"";"";"";"";0;0;6;1429;0
1431;"";"";"";"";0;0;6;1431;0
1432;"";"";"";"";0;0;6;1432;0
1433;"";"";"";"";0;0;6;1433;0
1434;"";"";"";"";0;0;6;1434;0
1436;"";"";"";"";0;0;5;1436;0
1438;"";"";"";"";0;0;6;1438;0
1439;"";"";"";"";0;0;6;1439;0
1441;"";"";"";"";0;0;0;1441;0
1442;"";"";"";"";0;0;0;1442;0
1443;"";"";"";"";0;0;0;1443;0
1444;"";"";"";"";0;0;0;1444;0
1445;"";"";"";"";0;0;0;1445;0
1446;"";"";"";"";0;0;0;1446;0
1447;"";"";"";"";0;0;0;1447;0
1448;"";"";"";"";0;0;0;1448;0
1449;"";"";"";"";0;0;0;1449;0
1450;"";"";"";"";0;0;0;1450;0
1451;"";"";"";"";0;0;0;1451;0
1452;"";"";"";"";0;0;0;1452;0
1453;"";"";"";"";0;0;0;1453;0
1454;"";"";"";"";0;0;0;1454;0
1455;"";"";"";"";0;0;0;1455;0
1456;"";"";"";"";0;0;2;1456;0
1457;"";"";"";"";0;0;1;1457;0
1458;"";"";"";"";0;0;0;1458;0
1459;"";"";"";"";0;0;0;1459;0
1460;"";"";"";"";0;0;12;1460;0
1461;"";"";"";"";0;0;0;1461;0
1462;"";"";"";"";0;0;0;1462;0
1463;"";"";"";"";0;0;0;1463;0
1464;"";"";"";"";0;0;0;1464;0
1465;"";"";"";"";0;0;0;1465;0
1466;"";"";"";"";0;0;0;1466;0
1467;"";"";"";"";0;0;0;1467;0
1468;"";"";"";"";0;0;0;1468;0
1469;"";"";"";"";0;0;0;1469;0
1470;"";"";"";"";0;0;0;1470;0
1471;"";"";"";"";0;0;0;1471;0
1472;"";"";"";"";0;0;0;1472;0
1473;"";"";"";"";0;0;0;1473;0
1474;"";"";"";"";0;0;0;1474;0
1475;"";"";"";"";0;0;0;1475;0
1476;"";"";"";"";0;0;0;1476;0
1477;"";"";"";"";0;0;0;1477;0
1478;"";"";"";"";0;0;0;1478;0
1479;"";"";"";"";0;0;0;1479;0
1480;"";"";"";"";0;0;0;1480;0
1481;"";"";"";"";0;0;0;1481;0
1482;"";"";"";"";0;0;0;1482;0
1483;"";"";"";"";0;0;0;1483;0
1484;"";"";"";"";0;0;0;1484;0
1485;"";"";"";"";0;0;0;1485;0
1486;"";"";"";"";0;0;0;1486;0
1487;"";"";"";"";0;0;0;1487;0
1488;"";"";"";"";0;0;0;1488;0
1489;"";"";"";"";0;0;0;1489;0
1490;"";"";"";"";0;0;0;1490;0
1491;"";"";"";"";0;0;0;1491;0
1492;"";"";"";"";0;0;0;1492;0
1493;"";"";"";"";0;0;0;1493;0
1494;"";"";"";"";0;0;0;1494;0
1495;"";"";"";"";0;0;0;1495;0
1496;"";"";"";"";0;0;0;1496;0
1497;"";"";"";"";0;0;0;1497;0
1498;"";"";"";"";0;0;0;1498;0
1499;"";"";"";"";0;0;0;1499;0
1500;"";"";"";"";0;0;0;1500;0
1501;"";"";"";"";0;0;0;1501;0
1502;"";"";"";"";0;0;0;1502;0
1503;"";"";"";"";0;0;0;1503;0
1504;"";"";"";"";0;0;0;1504;0
1505;"";"";"";"";0;0;0;1505;0
1506;"";"";"";"";0;0;0;1506;0
1507;"";"";"";"";0;0;0;1507;0
1508;"";"";"";"";0;0;0;1508;0
1509;"";"";"";"";0;0;0;1509;0
1510;"";"";"";"";0;0;0;1510;0
1511;"";"";"";"";0;0;0;1511;0
1512;"";"";"";"";0;0;0;1512;0
1513;"";"";"";"";0;0;0;1513;0
1514;"";"";"";"";0;0;0;1514;0
1515;"";"";"";"";0;0;0;1515;0
1516;"";"";"";"";0;0;0;1516;0
1517;"";"";"";"";0;0;0;1517;0
1518;"";"";"";"";0;0;0;1518;0
1519;"";"";"";"";0;0;0;1519;0
1520;"";"";"";"";0;0;0;1520;0
1521;"";"";"";"";0;0;0;1521;0
1522;"";"";"";"";0;0;0;1522;0
1523;"";"";"";"";0;0;0;1523;0
