"id";"number";"total";"end_date";"hashed";"contract_id"
1;"MPWTC-W-015016";248750.72;"2017-03-31";"c4ca4238a0b923820dcc509a6f75849b";1
2;"MPWTC-CD-170021";50310.22;"2022-12-31";"c81e728d9d4c2f636f067f89cc14862c";2
3;"MPWTC-CD-170004";40314.04;"2019-06-30";"eccbc87e4b5ce2fe28308fd9f2a7baf3";3
4;"MPWTC-CD-170003";15875.56;"2018-12-31";"a87ff679a2f3e71d9181a67b7542122c";4
5;"MPW-W-220149";61864.99;"2023-09-26";"e4da3b7fbbce2345d7772b0674a318d5";5
6;"MPW-W-220178";28080.66;"2023-10-21";"1679091c5a880faf6fb5e6087eb1b2dc";6
7;"MPW-W-220145";41712.18;"2023-09-26";"8f14e45fceea167a5a36dedd4bea2543";7
8;"MPW-W-220109";169650.59;"2022-12-31";"c9f0f895fb98ab9159f51fd0297e236d";8
9;"MPW-S-200024";475000.0;"2022-09-30";"45c48cce2e2d7fbdea1afc51c7c6ad26";9
10;"MPW-W-210060";196112.23;"2023-07-31";"d3d9446802a44259755d38e6d163e820";10
11;"MPW-W-220112";165298.25;"2022-10-30";"6512bd43d9caa6e02c990b0a82652dca";11
12;"MPW-W-210062";76554.69;"2022-07-31";"c20ad4d76fe97759aa27a0c99bff6710";12
14;"MPW-W-210065";34371.15;"2022-12-31";"aab3238922bcc25a6f606eb525ffdc56";14
16;"MPW-W-210080";271648.79;"2023-01-31";"c74d97b01eae257e44aa9d5bade97baf";16
17;"MPW-W-220084";44219.72;"2022-12-31";"70efdf2ec9b086079795c442636b55fb";17
18;"MPW-S-200027";341781.0;"2022-12-31";"6f4922f45568161a8cdf4ad2299f6d23";18
19;"MPW-W-210093";59011.32;"2022-08-31";"1f0e3dad99908345f7439f8ffabdffc4";19
20;"MPW-W-220156";537034.39;"2022-11-30";"98f13708210194c475687be6106a3b84";20
21;"MPW-S-200034";399974.64;"2022-09-30";"3c59dc048e8850243be8079a5c74d079";21
22;"MPW-W-220076";200217.04;"2022-12-31";"b6d767d2f8ed5d21a44b0e5886680cb9";22
24;"MPW-S-200026";396311.35;"2022-06-30";"1ff1de774005f8da13f42943881c655f";24
25;"MPW-W-210092";46754.63;"2022-08-31";"8e296a067a37563370ded05f5a3bf3ec";25
26;"MPW-W-210091";52112.72;"2023-02-28";"4e732ced3463d06de0ca9a15b6153677";26
27;"MPW-W-210096";27105.0;"2022-08-31";"02e74f10e0327ad868d138f2b4fdd6f0";27
28;"MPW-W-220069";391213.13;"0023-02-28";"33e75ff09dd601bbe69f351039152189";28
29;"MPW-W-210099";337115.79;"2022-08-31";"6ea9ab1baa0efb9e19094440c317e21b";29
30;"MPW-W-210147";339829.64;"2022-10-31";"34173cb38f07f89ddbebc2ac9128303f";30
31;"MPW-CS-200023";422400.0;"2022-06-30";"c16a5320fa475530d9583c34fd356ef5";31
32;"MPW-W-220042";3400.0;"2022-08-09";"6364d3f0f495b6ab9dcf8d3b5c6e0b01";32
33;"MPW-W-220070";728395.5;"2023-02-28";"182be0c5cdcd5072bb1864cdee4d3d6e";33
34;"MPW-GS-220137";18949.0;"2022-10-31";"e369853df766fa44e1ed0ff613f563bd";34
35;"MPW-GS-220161";7100.0;"2022-11-30";"1c383cd30b7c298ab50293adfecb7b18";35
36;"MPW-CS-200033";523300.0;"2022-06-30";"19ca14e7ea6328a42e0eb13d585e4c22";36
37;"MPW-GS-220162";339929.63;"2023-04-30";"a5bfc9e07964f8dddeb95fc584cd965d";37
38;"MOP-GS-210121";4500.0;"2021-12-31";"a5771bce93e200c36f7cd9dfd0e5deaa";38
39;"MPW-GS-210072";4675.0;"2021-12-31";"d67d8ab4f4c10bf22aa353e27879133c";39
40;"MPW-CS-200025";475000.0;"2022-06-30";"d645920e395fedad7bbbed0eca3fe2e0";40
41;"MPW-GS-220072";732.0;"2022-09-30";"3416a75f4cea9109507cacd8e2f2aefc";41
42;"MPW-CS-200028";798900.0;"2022-06-30";"a1d0c6e83f027327d8461063f4ac58a6";42
43;"MPW-GS-220052";450.0;"2022-08-17";"17e62166fc8586dfa4d1bc0e1742c08b";43
44;"MPW-GS-210127";200.0;"2021-12-31";"f7177163c833dff4b38fc8d2872f1ec6";44
45;"MOP-GS-210187";14895.0;"2022-10-31";"6c8349cc7260ae62e3b1396831a8398f";45
46;"MPW-S-220058";53740.0;"2022-09-30";"d9d4f495e875a2e075a1a4a6e1b9770f";46
47;"MPW-GS-220170";39600.0;"2022-12-31";"67c6a1e7ce56d3d6fa748ab6d9af3fd7";47
48;"MPW-GS-220038";5893.3;"2022-08-05";"642e92efb79421734881b53e1e1b18b6";48
49;"MPW-GS-210026";176613.0;"2021-08-31";"f457c545a9ded88f18ecee47145a72c0";49
50;"MPW-GS-210105";16750.0;"2021-12-31";"c0c7c76d30bd3dcaefc96f40275bdc0a";50
51;"MPW-GS-220202";9264.0;"2022-12-21";"2838023a778dfaecdc212708f721b788";51
52;"MPW-GS-210112";158470.0;"2021-12-31";"9a1158154dfa42caddbd0694a4e9bdc8";52
53;"MPW-GS-220010";4100.0;"2022-04-30";"d82c8d1619ad8176d665453cfb2e55f0";53
54;"MPW-GS-220125";47072.0;"2022-10-31";"a684eceee76fc522773286a895bc8436";54
55;"MPW-GS-220151";48425.0;"2022-12-31";"b53b3a3d6ab90ce0268229151c9bde11";55
56;"MPW-W-220195";1900.0;"2022-12-31";"9f61408e3afb633e50cdf1b20de6f466";56
57;"MPW-GS-220028";20895.0;"2022-06-30";"72b32a1f754ba1c09b3695e0cb6cde7f";57
58;"MPW-GS-220140";28500.0;"2022-12-31";"66f041e16a60928b05a7e228a89c3799";58
60;"MPW-W-220175";131037.22;"2023-10-21";"072b030ba126b2f4b2374f342be9ed44";60
61;"MPW-GS-220126";60645.0;"2022-11-30";"7f39f8317fbdb1988ef4c628eba02591";61
62;"MPW-W-220187";138846.96;"2023-10-28";"44f683a84163b3523afe57c2e008bc8c";62
63;"MOP-GS-210188";45000.0;"2022-10-31";"03afdbd66e7929b125f8597834fa83a4";63
64;"MPW-W-220148";87202.22;"2023-09-26";"ea5d2f1c4608232e07d3aa3d998e5135";64
65;"MOP-GS-210130";43835.0;"2021-12-31";"fc490ca45c00b1249bbe3554a4fdf6fb";65
66;"MPW-W-220200";339225.09;"2023-10-09";"3295c76acbf4caaed33c36b1b5fc2cb1";66
67;"MOP-GS-210169";45650.0;"2022-07-31";"735b90b4568125ed6c3f678819b6e058";67
68;"MPW-W-220188";481699.96;"2023-10-28";"a3f390d88e4c41f2747bfa2f1b5f87db";68
69;"MPW-W-220186";63851.72;"2023-10-28";"14bfa6bb14875e45bba028a21ed38046";69
70;"MPW-GS-220055";5926.0;"2022-09-30";"7cbbc409ec990f19c78c75bd1e06f215";70
71;"MPW-W-220176";105927.77;"2023-10-21";"e2c420d928d4bf8ce0ff2ec19b371514";71
72;"MPW-W-220193";65446.12;"2023-10-28";"32bb90e8976aab5298d5da10fe66f21d";72
73;"MPW-GS-220119";44935.0;"2022-11-30";"d2ddea18f00665ce8623e36bd4e3c7c5";73
74;"MPW-W-220191";72116.54;"2023-10-28";"ad61ab143223efbc24c7d2583be69251";74
75;"MPW-W-220177";95535.88;"2023-10-21";"d09bf41544a3365a46c9077ebb5e35c3";75
76;"MPW-CS-200027";455375.0;"2022-10-31";"fbd7939d674997cdb4692d34de8633c4";76
77;"MPW-W-220199";382769.27;"2023-11-09";"28dd2c7955ce926456240b2ff0100bde";77
78;"MPW-W-220189";65130.15;"2023-10-28";"35f4a8d465e6e1edc05f3d8ab658c551";78
79;"MPW-W-220197";762576.94;"2023-11-11";"d1fe173d08e959397adf34b1d77e88d7";79
80;"MPW-W-220153";344788.12;"2023-09-26";"f033ab37c30201f73f142449d037028d";80
81;"MPW-W-220121";778076.9;"2023-07-20";"43ec517d68b6edd3015b3edc9a11367b";81
82;"MPW-W-220192";154858.87;"2023-10-28";"9778d5d219c5080b9a6a17bef029331c";82
83;"MPW-W-220198";416498.6;"2023-11-09";"fe9fc289c3ff0af142b6d3bead98a923";83
84;"MPW-W-220146";45935.36;"2023-09-26";"68d30a9594728bc39aa24be94b319d21";84
85;"MPW-W-220147";38693.39;"2023-09-26";"3ef815416f775098fe977004015c6193";85
86;"MPW-W-220147";41821.35;"2023-09-26";"93db85ed909c13838ff95ccfa94cebd9";86
87;"MPW-W-220190";69081.09;"2023-10-28";"c7e1249ffc03eb9ded908c236bd1996d";87
88;"MPW-W-220120";386730.13;"2023-07-30";"2a38a4a9316c49e5a833517c45d31070";88
89;"MPW-W-220122";342566.56;"2023-07-30";"7647966b7343c29048673252e490f736";89
90;"MPW-CS-200029";395550.0;"2022-10-31";"8613985ec49eb8f757ae6439e879bb2a";90
91;"MPW-CS-200022";169404.0;"2022-12-31";"54229abfcfa5649e7003b83dd4755294";91
92;"MPW-CS-200024";164154.0;"2022-09-30";"92cc227532d17e56e07902b254dfad10";92
93;"MPW-CS-200030";167154.0;"2022-06-30";"98dce83da57b0395e163467c9dae521b";93
94;"MPW-S-210001";276634.0;"2022-12-31";"f4b9ec30ad9f68f89b29639786cb62ef";94
95;"MPW-CS-200032";570200.0;"2022-12-31";"812b4ba287f5ee0bc9d43bbf5bbe87fb";95
96;"MPW-CS-200026";499065.8;"2022-12-31";"26657d5ff9020d2abefe558796b99584";96
97;"MPW-CS-200020";373666.0;"2022-02-01";"e2ef524fbf3d9fe611d5a8e90fefdc9c";97
98;"MPW-S-210124";87800.0;"2021-11-20";"ed3d2c21991e3bef5e069713af9fa6ca";98
99;"MPW-CS-200021";550800.0;"2021-12-31";"ac627ab1ccbdb62ec96e702f07f6425b";99
100;"MPW-W-220086";23993.19;"2022-10-31";"f899139df5e1059396431415e770c6dd";100
101;"MPW-W-220081";99022.48;"2022-10-31";"38b3eff8baf56627478ec76a704e9b52";101
102;"MPW-CS-200031";579908.0;"2022-06-30";"ec8956637a99787bd197eacd77acce5e";102
103;"MPW-W-220116";371753.82;"2023-07-30";"6974ce5ac660610b44d9b9fed0ff9548";103
104;"MPW-S-210003";281415.92;"2021-12-31";"c9e1074f5b3f9fc8ea15d152add07294";104
105;"MPW-W-220184";215409.28;"2023-12-19";"65b9eea6e1cc6bb9f0cd2a47751a186f";105
106;"MPW-W-220159";39986.96;"2022-10-01";"f0935e4cd5920aa6c7c996a5ee53a70f";106
107;"MPW--W-220083";666091.08;"2023-02-28";"a97da629b098b75c294dffdc3e463904";107
109;"MPW-GS-220179";305745.0;"2022-09-27";"2723d092b63885e0d7c260cc007e8b9d";109
110;"MPW--W-220085";346792.33;"2023-02-28";"5f93f983524def3dca464469d2cf9f3e";110
111;"MPW-W-220185";195000.01;"2023-09-24";"698d51a19d8a121ce581499d7b701668";111
112;"MPW-W-220088";406138.99;"2023-08-31";"7f6ffaa6bb0b408017b62254211691b5";112
113;"MPW-W-220114";171674.25;"2022-11-30";"73278a4a86960eeb576a8fd4c9ec6997";113
114;"MPW-W-SS-210022";88970.39;"2021-08-31";"5fd0b37cd7dbbb00f97ba6ce92bf5add";114
115;"MOP-W-SS-210001";314106.58;"2022-04-20";"2b44928ae11fb9384c4cf38708677c48";115
116;"MPW-W-SS-210008";58307.54;"2021-08-24";"c45147dee729311ef5b5c3003946c48f";116
117;"MPW-W-SS-210006";148256.87;"2021-08-26";"eb160de1de89d9058fcb0b968dbbbd68";117
118;"MPW-W-SS-210030";122960.04;"2021-11-08";"5ef059938ba799aaa845e1c2e8a762bd";118
119;"MPW-W-SS-210023";50020.86;"2021-08-26";"07e1cd7dca89a1678042477183b7ac3f";119
120;"MPW-W-220115";519439.01;"2023-07-30";"da4fb5c6e93e74d3df8527599fa62642";120
121;"MPW-W-220113";148085.99;"2022-11-30";"4c56ff4ce4aaf9573aa5dff913df997a";121
122;"MPW-W-220075";573317.06;"2023-06-30";"a0a080f42e6f13b3a2df133f073095dd";122
123;"MPW-W-190097";556717.81;"2021-03-31";"202cb962ac59075b964b07152d234b70";123
124;"MPW-W-190091";393649.77;"2022-12-31";"c8ffe9a587b126f152ed3d89a146b445";124
125;"MPW-W-190087";297407.48;"2021-10-31";"3def184ad8f4755ff269862ea77393dd";125
126;"MPW-W-190085";491752.56;"2022-07-31";"069059b7ef840f0c74a814ec9237b6ec";126
127;"MPW-W-190078";481029.67;"2021-09-30";"ec5decca5ed3d6b8079e2e7e7bacc9f2";127
130;"MPW-W-210048";379137.68;"2022-12-31";"9b8619251a19057cff70779273e95aa6";130
131;"MPW-W-210051";258534.75;"2022-12-31";"1afa34a7f984eeabdbb0a7d494132ee5";131
132;"MPW-W-210052";242001.57;"2022-07-31";"65ded5353c5ee48d0b7d48c591b8f430";132
133;"MPW-W-210054";272285.28;"2023-01-31";"9fc3d7152ba9336a670e36d0ed79bc43";133
134;"MPW-W-210055";28258.31;"2023-01-31";"02522a2b2726fb0a03bb19f2d8d9524d";134
135;"MPW-W-210056";213772.95;"2022-07-31";"7f1de29e6da19d22b51c68001e7e0e54";135
136;"MPW-W-210057";448209.39;"2022-12-31";"42a0e188f5033bc65bf8d78622277c4e";136
137;"MPW-W-210058";300792.46;"2022-12-31";"3988c7f88ebcb58c6ce932b957b6f332";137
138;"MPW-W-210059";203040.65;"2022-12-31";"013d407166ec4fa56eb1e1f8cbe183b9";138
139;"MDRI-W-170001";111275.07;"2018-06-30";"e00da03b685a0dd18fb6a08af0923de0";139
140;"MPWTC-W-170012";49988.12;"2018-04-30";"1385974ed5904a438616ff7bdb3f7439";140
141;"MPW-W-190112";271215.62;"2022-12-31";"0f28b5d49b3020afeecd95b4009adf4c";141
142;"MPW-W-190081";494544.48;"2022-06-30";"a8baa56554f96369ab93e4f3bb068c22";142
143;"MPW-W-190102";281829.64;"2022-12-31";"903ce9225fca3e988c2af215d4e544d3";143
144;"MPW-W-190114";150012.65;"2021-12-31";"0a09c8844ba8f0936c20bd791130d6b6";144
145;"MPW-W-190088";255148.17;"2022-12-31";"2b24d495052a8ce66358eb576b8912c8";145
146;"MPW-W-190100";367022.68;"2021-03-31";"a5e00132373a7031000fd987a3c9f87b";146
147;"MPW-W-190083";59446.75;"2022-12-31";"8d5e957f297893487bd98fa830fa6413";147
148;"MPW-W-190251";223843.79;"2022-06-30";"47d1e990583c9c67424d369f3414728e";148
149;"MPW-W-190106";375995.84;"2021-02-28";"f2217062e9a397a1dca429e7d70bc6ca";149
150;"MPW-W-190077";60335.99;"2022-06-30";"7ef605fc8dba5425d6965fbd4c8fbe1f";150
151;"MPW-W-190158";137495.42;"2020-10-31";"a8f15eda80c50adb0e71943adc8015cf";151
152;"MOP-W-190140";300403.42;"2022-08-31";"37a749d808e46495a8da1e5352d03cae";152
153;"MPW-W-220087";10303.59;"2022-12-31";"b3e3e393c77e35a4a3f3cbd1e429b5dc";153
154;"MPW-GS-220232";3540.0;"2022-11-06";"1d7f7abc18fcb43975065399b0d1e48e";154
155;"MPW-GS-220248";11998.0;"2022-11-21";"2a79ea27c279e471f4d180b08d62b00a";155
156;"MPW-GS-220203";38780.0;"2022-11-14";"1c9ac0159c94d8d0cbedc973445af2da";156
158;"MPW-W-220169";63726.54;"2023-01-13";"06409663226af2f3114485aa4e0a23b4";158
159;"MPW-G-220236";4947.0;"2022-09-30";"140f6969d5213fd0ece03148e62e461e";159
160;"MPW-S-220096";250.0;"2022-09-30";"b73ce398c39f506af761d2277d853a92";160
161;"MPW-S-220104";33.0;"2022-09-30";"bd4c9ab730f5513206b999ec0d90d1fb";161
162;"MPW-GS-220220";33.0;"2022-09-30";"82aa4b0af34c2313a562076992e50aa3";162
163;"MPW-GS-220229";33.0;"2022-09-30";"0777d5c17d4066b82ab86dff8a46af6f";163
164;"MPW-GS-220223";1628.0;"2022-09-30";"fa7cdfad1a5aaf8370ebeda47a1ff1c3";164
165;"MPW-GS-210010";218928.0;"2022-02-10";"9766527f2b5d3e95d4a733fcfb77bd7e";165
166;"MPW-GS-220280";3420.0;"2022-12-22";"7e7757b1e12abcb736ab9a754ffb617a";166
167;"MPW-GS-220272";7990.0;"2022-12-22";"5878a7ab84fb43402106c575658472fa";167
168;"MPW-GS-220138";2000.0;"2022-12-31";"006f52e9102a8d3be2fe5614f42ba989";168
169;"MOP-GS-210132";760.0;"2021-12-31";"3636638817772e42b59d74cff571fbb3";169
171;"MPW-GS-220065";92760.0;"2024-05-31";"a4a042cf4fd6bfb47701cbc8a1653ada";171
172;"MPW-G-220244";10990.0;"2022-12-12";"1ff8a7b5dc7a7d1f0ed65aaa29c04b1e";172
173;"MPW-GS-190038";300.0;"2019-12-31";"f7e6c85504ce6e82442c770f7c8606f0";173
174;"MPW-GS-200065";150.0;"2020-12-31";"bf8229696f7a3bb4700cfddef19fa23f";174
175;"MPW-S-220097";300.0;"2022-09-30";"82161242827b703e6acf9c726942a1e4";175
176;"MPW-GS-220214";150.0;"2023-01-31";"38af86134b65d0f10fe33d30dd76442e";176
177;"MPW-G-220117";2875.0;"2022-10-31";"96da2f590cd7246bbde0051047b0d6f7";177
178;"MPW-G-220231";7960.0;"2022-12-12";"8f85517967795eeef66c225f7883bdcb";178
179;"MOP-GS-210184";1050.0;"2021-12-31";"8f53295a73878494e9bc8dd6c3c7104f";179
180;"MPW-GS-220098";3087.5;"2022-09-30";"045117b0e0a11a242b9765e79cbf113f";180
181;"MPW-GS-220107";2987.25;"2022-10-15";"fc221309746013ac554571fbd180e1c8";181
182;"MPW-GS-220183";2987.25;"2022-12-31";"4c5bde74a8f110656874902f07378009";182
183;"MPW-GS-220241";2011.8;"2022-12-31";"cedebb6e872f539bef8c3f919874e9d7";183
184;"MPW-GS-200096";3000.0;"2020-12-31";"6cdd60ea0045eb7a6ec44c54d29ed402";184
185;"MOP-GS-210179";3000.0;"2021-12-31";"eecca5b6365d9607ee5a9d336962c534";185
186;"MPW-GS-220063";1128.0;"2022-08-31";"9872ed9fc22fc182d371c3e9ed316094";186
187;"MOP-GS-200072";94750.2;"2021-08-31";"31fefc0e570cb3860f2a6d4b38c6490d";187
188;"MOP-GS-210040";181131.5;"2021-12-31";"9dcb88e0137649590b755372b040afad";188
189;"MPW-GS-220016";941.0;"2022-03-31";"a2557a7b2e94197ff767970b67041697";189
190;"MOP-W-220018";334587.0;"2023-12-31";"cfecdb276f634854f3ef915e2e980c31";190
191;"MPW-GS-220034";1876.25;"2022-07-31";"0aa1883c6411f7873cb83dacb17b0afc";191
192;"MPW-GS-220046";417.0;"2022-08-12";"58a2fc6ed39fd083f55d4182bf88826d";192
193;"MPW-GS-220050";324.5;"2022-08-17";"bd686fd640be98efaae0091fa301e613";193
194;"MPW-GS-220094";1937.5;"2022-09-30";"a597e50502f5ff68e3e25b9114205d4a";194
195;"MPW-GS-220111";10821.6;"2022-10-31";"0336dcbab05b9d5ad24f4333c7658a0e";195
196;"MPW-GS-220124";2147.25;"2022-10-31";"084b6fbb10729ed4da8c3d3f5a3ae7c9";196
197;"MPW-GS-220129";225.0;"2022-10-31";"85d8ce590ad8981ca2c8286f79f59954";197
198;"MPW-GS-220143";1192.9;"2022-10-31";"0e65972dce68dad4d52d063967f0a705";198
199;"MPW-GS-220167";2394.0;"2022-12-31";"84d9ee44e457ddef7f2c4f25dc8fa865";199
200;"MPW-GS-220173";1125.0;"2022-12-21";"3644a684f98ea8fe223c713b77189a77";200
201;"MPW-GS-220196";2477.5;"2022-12-31";"757b505cfd34c64c85ca5b5690ee5293";201
202;"MPW-GS-220211";10039.0;"2023-01-31";"854d6fae5ee42911677c739ee1734486";202
203;"MPW-GS-220221";1590.0;"2023-01-31";"e2c0be24560d78c5e599c2a9c9d0bbd2";203
204;"MPW-GS-220227";128.0;"2023-01-31";"274ad4786c3abca69fa097b85867d9a4";204
205;"MPW-GS-220243";80.0;"2023-01-31";"eae27d77ca20db309e056e3d2dcd7d69";205
206;"MPW-GS-220265";1897.0;"2023-01-31";"7eabe3a1649ffa2b3ff8c02ebfd5659f";206
207;"MPW-GS-220270";870.0;"2023-01-31";"69adc1e107f7f7d035d7baf04342e1ca";207
208;"MPW-GS-220273";2660.5;"2023-01-31";"091d584fced301b442654dd8c23b3fc9";208
209;"MPW-GS-220282";1305.75;"2023-01-31";"b1d10e7bafa4421218a51b1e1f1b0ba2";209
210;"MPW-GS-220130";1637.0;"2022-10-31";"6f3ef77ac0e3619e98159e9b6febf557";210
212;"MPW-GS-190031";49050.0;"2020-12-31";"1534b76d325a8f591b52d302e7181331";212
213;"MOP-GS-220025";3890.0;"2022-07-20";"979d472a84804b9f647bc185a877a8b5";213
214;"MPW-GS-220047";49815.0;"2023-04-30";"ca46c1b9512a7a8315fa3c5a946e8265";214
215;"MPW-GS-210116";10000.0;"2021-11-20";"3b8a614226a953a8cd9526fca6fe9ba5";215
216;"MPW-GS-220012";3124.0;"2022-04-30";"45fbc6d3e05ebd93369ce542e8f2322d";216
217;"MPW-GS-220045";44280.0;"2022-12-31";"63dc7ed1010d3c3b8269faf0ba7491d4";217
218;"MPW-GS-220017";296.5;"2022-04-30";"e96ed478dab8595a7dbda4cbcbee168f";218
219;"MOP-GS-220024";917.5;"2022-05-31";"c0e190d8267e36708f955d7ab048990d";219
221;"MPW-S-220102";150.0;"2022-09-30";"060ad92489947d410d897474079c1477";221
222;"MPW-W-190094";195150.7;"2022-12-31";"bcbe3365e6ac95ea2c0343a2395834dd";222
223;"MPW-W-SS-220218";21853.96;"2023-06-30";"115f89503138416a242f40fb7d7f338e";223
224;"MPW-W-220238";13948.33;"2023-07-30";"13fe9d84310e77f13a6d184dbf1232f3";224
225;"MPW-W-220077";345314.85;"2022-12-31";"d1c38a09acc34845c6be3a127a5aacaf";225
226;"MPW-W-220286";353872.56;"2022-11-30";"9cfdf10e8fc047a44b08ed031e1f0ed1";226
227;"MPW-W-220208";194995.1;"2022-12-31";"705f2172834666788607efbfca35afb3";227
228;"MPW-W-220237";158794.42;"2022-12-31";"74db120f0a8e5646ef5a30154e9f6deb";228
229;"MPW-W-220205";29170.43;"2022-12-31";"57aeee35c98205091e18d1140e9f38cf";229
230;"MPW-W-220206";524365.6;"2022-12-31";"6da9003b743b65f4c0ccd295cc484e57";230
231;"MPW-W-220204";587515.51;"2022-12-31";"9b04d152845ec0a378394003c96da594";231
232;"MPW-W-220207";455126.39;"2022-12-31";"be83ab3ecd0db773eb2dc1b0a17836a1";232
233;"MPW-W-220209";520266.22;"2022-12-31";"e165421110ba03099a1c0393373c5b43";233
234;"MPW-G-220230";40700.0;"2022-12-31";"289dff07669d7a23de0ef88d2f7129e7";234
235;"MPW-GS-220247";17050.0;"2022-12-31";"577ef1154f3240ad5b9b413aa7346a1e";235
236;"MPW-GS-220225";19200.0;"2022-04-30";"01161aaa0b6d1345dd8fe4e481144d84";236
237;"MPW-GS-220219";39900.0;"2022-12-31";"539fd53b59e3bb12d203f45a912eeaf2";237
238;"MPW-GS-220226";4800.0;"2022-12-31";"ac1dd209cbcc5e5d1c6e28598e8cbbe8";238
239;"MPW-GS-220250";18750.0;"2022-12-31";"555d6702c950ecb729a966504af0a635";239
240;"MPW-GS-220255";18230.0;"2022-12-31";"335f5352088d7d9bf74191e006d8e24c";240
241;"MPW-GS-220216";150.0;"2022-09-30";"f340f1b1f65b6df5b5e3f94d95b11daf";241
242;"MPW-GS-220279";650.0;"2022-09-30";"e4a6222cdb5b34375400904f03d8e6a5";242
243;"MPW-GS-220283";17960.0;"2023-01-31";"cb70ab375662576bd1ac5aaf16b3fca4";243
244;"MOP-GS-210033";22229.5;"2021-12-31";"9188905e74c28e489b44e954ec0b9bca";244
245;"MPW-S-220095";4680.0;"2022-09-30";"0266e33d3f546cb5436a10798e657d97";245
246;"MPW-S-220166";8880.0;"2022-12-31";"38db3aed920cf82ab059bfccbd02be6a";246
247;"MPW-GS-220174";2897.0;"2022-12-31";"3cec07e9ba5f5bb252d13f5f431e4bbb";247
248;"MPW-GS-220251";6570.0;"2022-12-31";"621bf66ddb7c962aa0d22ac97d69b793";248
249;"MPW-GS-190113";147740.4;"2022-09-30";"077e29b11be80ab57e1a2ecabb7da330";249
250;"MOP-GS-210038";30000.0;"2021-12-31";"6c9882bbac1c7093bd25041881277658";250
251;"MOP-GS-220057";84050.0;"2024-06-30";"19f3cd308f1455b3fa09a282e0d496f4";251
252;"MPW-G-220133";487.5;"2022-10-31";"03c6b06952c750899bb03d998e631860";252
253;"MPW-GS-200059";13200.0;"2020-12-31";"c24cd76e1ce41366a4bbe8a49b02a028";253
254;"MPW-GS-220026";3250.0;"2022-06-30";"c52f1bd66cc19d05628bd8bf27af3ad6";254
255;"MPW-GS-220049";500.0;"2022-08-16";"fe131d7f5a6b38b23cc967316c13dae2";255
256;"MPW-GS-220060";25000.0;"2023-05-31";"f718499c1c8cef6730f9fd03c8125cab";256
257;"MPW-GS-190207";250.0;"2019-12-31";"d96409bf894217686ba124d7356686c9";257
258;"MPW-GS-220100";125.0;"2022-09-30";"502e4a16930e414107ee22b6198c578f";258
259;"MPW-GS-220215";150.0;"2023-01-31";"cfa0860e83a4c3a763a7e62d825349f7";259
260;"MPW-GS-220262";125.0;"2023-01-31";"a4f23670e1833f3fdb077ca70bbd5d66";260
261;"MPW-GS-220281";250.0;"2023-01-31";"b1a59b315fc9a3002ce38bbe070ec3f5";261
262;"MPW-GS-220217";68981.0;"2023-02-28";"36660e59856b4de58a219bcf4e27eba3";262
263;"MPW-GS-20030";205271.95;"2021-01-31";"8c19f571e251e61cb8dd3612f26d5ecf";263
264;"MPW-GS-220093";20000.0;"2022-09-30";"d6baf65e0b240ce177cf70da146c8dc8";264
265;"MPW-GS-190228";23017.5;"2019-12-31";"e56954b4f6347e897f954495eab16a88";265
266;"MPW-GS-220091";625.0;"2022-09-30";"f7664060cc52bc6f3d620bcedc94a4b6";266
267;"MPW-GS-220103";5381.0;"2022-09-30";"eda80a3d5b344bc40f3bc04f65b7a357";267
268;"MPW-GS-220131";2475.0;"2022-10-31";"8f121ce07d74717e0b1f21d122e04521";268
269;"MPW-GS-220222";625.0;"2022-10-31";"06138bc5af6023646ede0e1f7c1eac75";269
270;"MPW-GS-220271";416.6;"2022-10-31";"39059724f73a9969845dfe4146c5660e";270
271;"MPW-GS-220082";1252.0;"2022-09-30";"7f100b7b36092fb9b06dfb4fac360931";271
272;"MPW-GS-220134";1030.0;"2022-09-30";"7a614fd06c325499f1680b9896beedeb";272
273;"MPW-GS-220254";1000.0;"2022-09-30";"4734ba6f3de83d861c3176a6273cac6d";273
274;"MPW-GS-220068";7691.0;"2022-09-10";"d947bf06a885db0d477d707121934ff8";274
275;"MPW-CM-220106";23690.0;"2022-06-30";"63923f49e5241343aa7acb6a06a751e7";275
276;"MPW-W-190099";44559.68;"2021-01-31";"db8e1af0cb3aca1ae2d0018624204529";276
277;"MPW-W-190095";62781.36;"2021-12-31";"20f07591c6fcb220ffe637cda29bb3f6";277
278;"MPW-W-190117";183183.92;"2021-12-31";"07cdfd23373b17c6b337251c22b7ea57";278
279;"MPW-W-190103";171685.42;"2022-10-31";"d395771085aab05244a4fb8fd91bf4ee";279
280;"MPW-W-190086";225977.27;"2022-07-31";"92c8c96e4c37100777c7190b76d28233";280
281;"MPW-W-190109";84077.42;"2021-03-31";"e3796ae838835da0b6f6ea37bcf8bcb7";281
282;"MPW-W-200005";9466.24;"2020-12-30";"6a9aeddfc689c1d0e3b9ccc3ab651bc5";282
283;"MPW-GS-220213";2150.0;"2022-11-30";"0f49c89d1e7298bb9930789c8ed59d48";283
284;"MOP-GS-190045";268170.0;"2022-03-17";"46ba9f2a6976570b0353203ec4474217";284
285;"MOP-GS-200050";69480.0;"2020-12-31";"0e01938fc48a2cfb5f2217fbfb00722d";285
286;"MPW-GS-220044";58080.0;"2023-04-30";"16a5cdae362b8d27a1d8f8c7b78b4330";286
287;"MPW-GS-220031";610.0;"2022-12-31";"918317b57931b6b7a7d29490fe5ec9f9";287
288;"MPW-GS-190075";88200.0;"0020-12-31";"48aedb8880cab8c45637abc7493ecddd";288
289;"MPW-W-190115";109210.34;"2022-11-30";"839ab46820b524afda05122893c2fe8e";289
290;"MPW-W-190260";73033.49;"2022-10-31";"f90f2aca5c640289d0a29417bcb63a37";290
291;"MPW-W-190104";161554.19;"2022-11-30";"9c838d2e45b2ad1094d42f4ef36764f6";291
292;"MPW-W-190096";71468.49;"2020-12-31";"1700002963a49da13542e0726b7bb758";292
293;"MPW-W-190082";32801.87;"2022-06-30";"53c3bce66e43be4f209556518c2fcb54";293
294;"MPW-W-190084";298505.7;"2023-03-31";"6883966fd8f918a4aa29be29d2c386fb";294
295;"MPW-GS-220128";4150.0;"2022-10-31";"49182f81e6a13cf5eaa496d51fea6406";295
296;"MPW-GS-220240";5900.0;"2022-10-31";"d296c101daa88a51f6ca8cfc1ac79b50";296
297;"MPW-W-190089";157601.26;"2022-12-31";"9fd81843ad7f202f26c1a174c7357585";297
298;"MPW-GS-220269";3010.0;"2022-10-31";"26e359e83860db1d11b6acca57d8ea88";298
299;"MPW-GS-220164";1250.0;"2022-12-31";"ef0d3930a7b6c95bd2b32ed45989c61f";299
300;"MPW-GS-190032";1215.0;"2019-08-31";"94f6d7e04a4d452035300f18b984988c";300
301;"MOP-GS-190033";700.0;"2019-08-31";"34ed066df378efacc9b924ec161e7639";301
302;"MPW-W-190107";48340.53;"2022-08-31";"577bcc914f9e55d5e4e4f82f9f00e7d4";302
303;"MPW-W-190076";191970.64;"2022-03-31";"11b9842e0a271ff252c1903e7132cd68";303
304;"MPW-GS-210023";35400.0;"2021-12-31";"37bc2f75bf1bcfe8450a1a41c200364c";304
305;"MPW-GS-210044";9875.0;"2021-11-30";"496e05e1aea0a9c4655800e8a7b9ea28";305
306;"MPW-GS-220053";43000.0;"2024-05-31";"b2eb7349035754953b57a32e2841bda5";306
307;"MPW-GS-220056";7800.0;"2022-12-31";"8e98d81f8217304975ccb23337bb5761";307
308;"MPW-G-220074";3924.0;"2022-09-30";"a8c88a0055f636e4a163a5e3d16adab7";308
309;"MPW-GS-220142";2400.0;"2022-09-30";"eddea82ad2755b24c4e168c5fc2ebd40";309
310;"03/CA/GVMOP/2022";47030.0;"2022-09-30";"06eb61b839a0cefee4967c67ccb099dc";310
311;"MPW-GS-220264";3600.0;"2022-09-30";"9dfcd5e558dfa04aaf37f137a1d9d3e5";311
312;"02-CA-GVMOP-2022";13440.0;"2022-10-07";"950a4152c2b4aa3ad78bdd6b366cc179";312
313;"BS-594/CA/MOP-TDS/X/2022";6790.0;"0022-12-31";"158f3069a435b314a80bdcb024f8e422";313
314;"MPW-GS-190057";30000.0;"2020-08-14";"758874998f5bd0c393da094e1967a72b";314
315;"MPW-GS-190200";2869.0;"2019-12-31";"ad13a2a07ca4b7642959dc0c4c740ab6";315
316;"MOP-GS-190059";30000.0;"2019-08-14";"3fe94a002317b5f9259f82690aeea4cd";316
317;"MPW-W-190111";71729.53;"2021-12-31";"5b8add2a5d98b1a652ea7fd72d942dac";317
318;"MPW-W-190174";142718.62;"2022-06-30";"432aca3a1e345e339f35a30c8f65edce";318
319;"MPW-W-190098";50702.59;"2021-09-30";"8d3bba7425e7c98c50f52ca1b52d3735";319
320;"MPW-W-190080";141684.96;"2022-12-31";"320722549d1751cf3f247855f937b982";320
321;"MPW-W-190116";88960.86;"2021-12-31";"caf1a3dfb505ffed0d024130f58c5cfa";321
322;"MPW-W-190093";55012.05;"2020-12-31";"5737c6ec2e0716f3d8a7a5c4e0de0d9a";322
323;"MPW-W-190121";161431.38;"2022-08-05";"bc6dc48b743dc5d013b1abaebd2faed2";323
324;"MPW-W-190119";152025.38;"2020-12-31";"f2fc990265c712c49d51a18a32b39f0c";324
325;"MPW-W-190105";71803.67;"2021-01-31";"89f0fd5c927d466d6ec9a21b9ac34ffa";325
326;"MPW-W-190090";63841.12;"2020-08-22";"a666587afda6e89aec274a3657558a27";326
327;"MPW-W-190110";216525.57;"2021-10-31";"b83aac23b9528732c23cc7352950e880";327
328;"MPW-W-190079";441391.9;"2021-12-31";"cd00692c3bfe59267d5ecfac5310286c";328
329;"MPW-W-210047";403360.46;"2022-12-31";"6faa8040da20ef399b63a72d0e4ab575";329
330;"MPW-W-210049";299448.62;"2022-12-31";"fe73f687e5bc5280214e0486b273a5f9";330
331;"MPW-W-210067";173960.8;"2022-07-31";"6da37dd3139aa4d9aa55b8d237ec5d4a";331
332;"MPW-W-210068";225714.76;"2022-12-31";"c042f4db68f23406c6cecf84a7ebb0fe";332
333;"MPW-W-210050";474365.56;"2022-07-31";"310dcbbf4cce62f762a2aaa148d556bd";333
334;"MPW-W-210053";74385.35;"2022-07-31";"2f2b265625d76a6704b08093c652fd79";334
335;"MPW-W-210079";249614.09;"2022-07-31";"f9b902fc3289af4dd08de5d1de54f68f";335
336;"MPW-W-210061";296211.81;"2023-04-30";"6855456e2fe46a9d49d3d3af4f57443d";336
337;"MPW-W-210066";112517.92;"2022-07-31";"357a6fdf7642bf815a88822c447d9dc4";337
338;"MPW-W-210064";33889.94;"2022-12-31";"819f46e52c25763a55cc642422644317";338
339;"MPW-W-210062";343111.47;"2022-12-31";"04025959b191f8f9de3f924f0940515f";339
340;"MPW-W-210077";132612.26;"2022-07-21";"40008b9a5380fcacce3976bf7c08af5b";340
341;"MPW-W-210078";181220.42;"2023-01-31";"3dd48ab31d016ffcbf3314df2b3cb9ce";341
342;"MPW-W-210094";83595.57;"2022-08-31";"58238e9ae2dd305d79c2ebc8c1883422";342
343;"MPW-W-210095";124043.34;"2022-08-31";"3ad7c2ebb96fcba7cda0cf54a2e802f5";343
344;"MPW-W-210098";408816.75;"2023-02-28";"b3967a0e938dc2a6340e258630febd5a";344
345;"MPW-W-210097";421729.47;"2023-03-31";"d81f9c1be2e08964bf9f24b15f0e4900";345
346;"MPW-W-220001";278252.69;"2023-03-30";"13f9896df61279c928f19721878fac41";346
347;"MPW-W-210139";89575.77;"2022-08-31";"c5ff2543b53f4cc0ad3819a36752467b";347
348;"MPW-W-210140";72387.33;"2022-08-31";"01386bd6d8e091c2ab4c7c7de644d37b";348
349;"MOP-W-220004";364474.5;"2024-12-31";"0bb4aec1710521c12ee76289d9440817";349
350;"MPW-W-210141";39828.24;"2021-08-31";"9de6d14fff9806d4bcd1ef555be766cd";350
351;"MPW-W-210148";186084.05;"2022-08-31";"efe937780e95574250dabe07151bdc23";351
352;"MPW-W-210149";411620.44;"2022-08-31";"371bce7dc83817b7893bcdeed13799b5";352
353;"MPW-W-210162";131219.62;"2022-08-31";"138bb0696595b338afbab333c555292a";353
354;"MPW-W-210163";167071.89;"2022-12-31";"8dd48d6a2e2cad213179a3992c0be53c";354
355;"MPW-W-210164";173484.62;"2022-12-31";"82cec96096d4281b7c95cd7e74623496";355
356;"MPW-W-210161";213930.25;"2022-10-31";"6c524f9d5d7027454a783c841250ba71";356
357;"MPW-W-210160";198698.25;"2022-10-31";"fb7b9ffa5462084c5f4e7e85a093e6d7";357
358;"MPW-W-220007";131893.81;"2022-12-31";"aa942ab2bfa6ebda4840e7360ce6e7ef";358
359;"MPW-W-220043";189188.95;"2022-12-31";"c058f544c737782deacefa532d9add4c";359
360;"MPW-W-210202";112505.28;"2022-12-13";"e7b24b112a44fdd9ee93bdf998c6ca0e";360
361;"MPW-W-220090";128442.05;"0023-01-31";"52720e003547c70561bf5e03b95aa99f";361
362;"MPW-W-220008";547362.82;"2022-12-31";"c3e878e27f52e2a57ace4d9a76fd9acf";362
363;"MPW-W-220062";74535.6;"2023-02-28";"00411460f7c92d2124a67ea0f4cb5f85";363
364;"MPW-W-220067";29471.35;"2023-02-26";"bac9162b47c56fc8a4d2a519803d51b3";364
365;"MPW-W-220061";24132.86;"2022-02-28";"9be40cee5b0eee1462c82c6964087ff9";365
366;"MPW-W-220009";403741.64;"2025-01-20";"5ef698cd9fe650923ea331c15af3b160";366
367;"MPW-W-220276";88950.77;"2023-12-21";"05049e90fa4f5039a8cadc6acbb4b2cc";367
368;"MOP-GS-190120";219745.45;"2021-03-31";"cf004fdc76fa1a4f25f62e0eb5261ca3";368
369;"MPW-W-220268";111143.09;"2022-12-31";"0c74b7f78409a4022a2c4c5a5ca3ee19";369
371;"MPW-W-190177";116902.51;"2022-10-31";"41f1f19176d383480afa65d325c06ed0";371
372;"MPW-W-220181";70939.63;"2023-07-31";"24b16fede9a67c9251d3e7c7161c83ac";372
373;"MPW-W-220089";734491.39;"2023-07-31";"ffd52f3c7e12435a724a8f30fddadd9c";373
374;"MPW-W-190250";146911.62;"2021-12-31";"ad972f10e0800b49d76fed33a21f6698";374
375;"MOP-W-190138";208360.74;"2022-06-30";"f61d6947467ccd3aa5af24db320235dd";375
376;"MPW-W-220252";563751.66;"2022-12-31";"142949df56ea8ae0be8b5306971900a4";376
377;"MPW-W-210125";578040.73;"2022-09-30";"d34ab169b70c9dcd35e62896010cd9ff";377
378;"MPW-W-220078";549103.71;"2023-06-14";"8bf1211fd4b7b94528899de0a43b9fb3";378
379;"MPW-W-190123";177242.59;"2022-12-31";"a02ffd91ece5e7efeb46db8f10a74059";379
380;"MPW-W-190215";87929.19;"2020-12-31";"bca82e41ee7b0833588399b1fcd177c7";380
381;"MPW-W-190171";526656.74;"2021-03-31";"00ec53c4682d36f5c4359f4ae7bd7ba1";381
382;"MOP-W-220005";517282.04;"2022-07-31";"4f6ffe13a5d75b2d6a3923922b3922e5";382
383;"MPW-W-190255";194402.72;"2022-12-31";"beed13602b9b0e6ecb5b568ff5058f07";383
384;"MPW-W-220023";358040.28;"2024-03-31";"0584ce565c824b7b7f50282d9a19945b";384
385;"MPW-W-210168";284325.06;"2022-12-31";"dc912a253d1e9ba40e2c597ed2376640";385
386;"MOP-W-220003";560804.96;"2022-07-31";"39461a19e9eddfb385ea76b26521ea48";386
387;"MPW-W-220155";288087.99;"2023-09-01";"8efb100a295c0c690931222ff4467bb8";387
388;"MOP-W-220006";389584.85;"2022-07-31";"d9fc5b73a8d78fad3d6dffe419384e70";388
389;"MOP-W-20002";201488.79;"2021-01-31";"c86a7ee3d8ef0b551ed58e354a836f2b";389
390;"MOP-GS-190233";242501.42;"2021-06-30";"a01a0380ca3c61428c26a231f0e49a09";390
391;"MPW-W-220015";326103.83;"2023-02-10";"5a4b25aaed25c2ee1b74de72dc03c14e";391
392;"MPW-W-190157";242560.14;"2021-03-31";"f73b76ce8949fe29bf2a537cfa420e8f";392
393;"MPWTC-W-015055";273148.15;"2018-04-30";"70c639df5e30bdee440e4cdf599fec2b";393
394;"MPWTC-GS-160100";19838.03;"2016-12-31";"28f0b864598a1291557bed248a998d4e";394
395;"MPW-W-180036";243994.87;"2022-04-30";"1543843a4723ed2ab08e18053ae6dc5b";395
396;"MPW-W-014054";251677.07;"2015-12-31";"f8c1f23d6a8d8d7904fc0ea8e066b3bb";396
397;"MPWTC-W-015079";17584.69;"2016-01-31";"e46de7e1bcaaced9a54f1e9d0d2f800d";397
398;"MPW-W-220066";82162.84;"2022-11-30";"b7b16ecf8ca53723593894116071700c";398
399;"MOP-W-190249";42859.34;"2020-12-31";"352fe25daf686bdb4edca223c921acea";399
400;"MPW-W-220154";41360.77;"2022-12-04";"18d8042386b79e2c279fd162df0205c8";400
401;"MOP-W-220002";345601.26;"2022-06-30";"816b112c6105b3ebd537828a39af4818";401
402;"MPW-W-190264";36581.28;"2020-12-31";"69cb3ea317a32c4e6143e665fdb20b14";402
403;"MOP-W-190158";156400.69;"2019-12-31";"bbf94b34eb32268ada57a3be5062fe7d";403
404;"MOP-GS-210126";34599.02;"2021-12-31";"4f4adcbf8c6f66dcfc8a3282ac2bf10a";404
405;"MPW-W-220092";36948.51;"2022-11-30";"bbcbff5c1f1ded46c25d28119a85c6c2";405
406;"MOP-W-200115";48304.86;"2021-01-31";"8cb22bdd0b7ba1ab13d742e22eed8da2";406
407;"MPW-GS-210103";8802.93;"2021-12-31";"f4f6dce2f3a0f9dada0c2b5b66452017";407
408;"MPW-BS-210081";4088.0;"2021-07-19";"0d0fd7c6e093f7b804fa0150b875b868";408
409;"MPW-W-220032";4195.26;"2022-12-31";"a96b65a721e561e1e3de768ac819ffbb";409
410;"MPW-W-190265";49829.45;"0020-12-31";"1068c6e4c8051cfd4e9ea8072e3189e2";410
411;"MOP-W-2000013";123962.73;"2021-01-31";"17d63b1625c816c22647a73e1482372b";411
412;"MPW-W-190001";93124.3;"2020-12-31";"b9228e0962a78b84f3d5d92f4faa000b";412
413;"MPW-W-190263";46625.89;"2020-12-31";"0deb1c54814305ca9ad266f53bc82511";413
414;"MOP-GS-220022";13187.61;"2022-12-31";"66808e327dc79d135ba18e051673d906";414
415;"MOP-W-190246";508540.07;"2020-12-31";"42e7aaa88b48137a16a1acd04ed91125";415
416;"MOP-GS-210170";30559.91;"2022-01-31";"8fe0093bb30d6f8c31474bd0764e6ac0";416
417;"MOP-W-190167";47261.74;"2021-07-31";"41ae36ecb9b3eee609d05b90c14222fb";417
418;"MOP-W-190135";92900.0;"2020-12-31";"d1f255a373a3cef72e03aa9d980c7eca";418
420;"MPWTC-W-170020";83897.22;"2019-10-31";"b6f0479ae87d244975439c6124592772";420
421;"MPW-W-210159";149732.87;"2022-08-31";"e0c641195b27425bb056ac56f8953d24";421
422;"MPW-W-210157";153049.65;"2022-12-31";"f85454e8279be180185cac7d243c5eb3";422
423;"MPW-W-210158";158465.33;"2022-12-31";"faa9afea49ef2ff029a833cccc778fd0";423
424;"MPW-W-210156";152622.9;"2022-08-31";"3c7781a36bcd6cf08c11a970fbe0e2a6";424
425;"MPW-W-210155";165363.43;"2022-12-31";"25b2822c2f5a3230abfadd476e8b04c9";425
426;"MPW-W-210154";162215.27;"2022-12-31";"6ecbdd6ec859d284dc13885a37ce8d81";426
427;"MPW-W-210153";123631.72;"2022-12-31";"18997733ec258a9fcaf239cc55d53363";427
428;"MPW-W-210152";114789.5;"2022-12-31";"8d7d8ee069cb0cbbf816bbb65d56947e";428
430;"MPW-W-210146";67382.23;"2022-08-31";"f74909ace68e51891440e4da0b65a70c";430
432;"MPW-W-210151";238739.71;"2022-08-31";"248e844336797ec98478f85e7626de4a";432
433;"MPW-W-210145";62024.04;"2022-12-31";"019d385eb67632a7e958e23f24bd07d7";433
434;"MPW-W-210144";88425.8;"2022-12-31";"a49e9411d64ff53eccfdd09ad10a15b3";434
435;"MPW-W-210143";76423.05;"2022-12-31";"ddb30680a691d157187ee1cf9e896d03";435
436;"MPW-W-210150";188589.13;"2022-12-31";"2421fcb1263b9530df88f7f002e78ea5";436
437;"MPW-W-210142";88852.44;"2022-08-31";"fccb60fb512d13df5083790d64c4d5dd";437
438;"MPW-W-210200";53998.75;"2022-12-31";"1651cf0d2f737d7adeab84d339dbabd3";438
439;"MPW-W-210201";79666.49;"2022-12-31";"eed5af6add95a9a6f1252739b1ad8c24";439
440;"MOP-GS-210199";126054.33;"2022-12-31";"a8abb4bb284b5b27aa7cb790dc20f80b";440
442;"MOP-GS-210198";358014.56;"2022-12-31";"c203d8a151612acf12457e4d67635a95";442
443;"MOP-GS-210197";170193.83;"2022-12-31";"13f3cf8c531952d72e5847c4183e6910";443
444;"MPW-GS-190050";8911.64;"2020-08-14";"550a141f12de6341fba65b0ad0433500";444
445;"MPW-GS-220171";47100.0;"2022-12-21";"67f7fb873eaf29526a11a9b7ac33bfac";445
446;"MPW-GS-220080";3885.0;"2022-09-30";"1a5b1e4daae265b790965a275b53ae50";446
447;"MPW-GS-190208";290.0;"2021-12-31";"9a96876e2f8f3dc4f3cf45f02c61c0c1";447
448;"MPW-GS-200098";540.0;"2020-12-31";"9b70e8fe62e40c570a322f1b0b659098";448
449;"MPW-GS-220011";1495.0;"2022-04-30";"d61e4bbd6393c9111e6526ea173a7c8b";449
450;"MPW-GS-220020";757.5;"2022-05-31";"f5f8590cd58a54e94377e6ae2eded4d9";450
451;"MPW-GS-220033";624.5;"2022-07-31";"941e1aaaba585b952b62c14a3a175a61";451
452;"MPW-GS-220039";6507.75;"2022-08-06";"9431c87f273e507e6040fcb07dcb4509";452
453;"MPW-GS-220051";530.0;"2022-08-17";"49ae49a23f67c759bf4fc791ba842aa2";453
454;"MPW-GS-220059";25000.0;"2023-05-31";"e44fea3bec53bcea3b7513ccef5857ac";454
455;"MPW-GS-220073";3121.0;"2022-09-30";"821fa74b50ba3f7cba1e6c53e8fa6845";455
456;"MPW-GS-220079";570.0;"2022-09-30";"250cf8b51c773f3f8dc8b4be867a9a02";456
457;"MPW-GS-220101";1710.0;"2022-09-30";"42998cf32d552343bc8e460416382dca";457
458;"MPW-GS-220105";475.0;"2022-09-30";"d07e70efcfab08731a97e7b91be644de";458
459;"MPW-GS-220108";730.0;"2022-08-15";"7fe1f8abaad094e0b5cb1b01d712f708";459
460;"MPW-GS-220118";6070.0;"2022-08-31";"98b297950041a42470269d56260243a1";460
461;"MPW-GS-220123";1817.0;"2022-08-31";"0353ab4cbed5beae847a7ff6e220b5cf";461
462;"MPW-GS-220132";245.0;"2022-08-31";"51d92be1c60d1db1d2e5e7a07da55b26";462
463;"MPW-GS-220136";1182.0;"2022-09-15";"428fca9bc1921c25c5121f9da7815cde";463
464;"MPW-GS-220160";1245.0;"2022-11-30";"f1b6f2857fb6d44dd73c7041e0aa0f19";464
465;"MPW-GS-220168";160.0;"2022-12-31";"68ce199ec2c5517597ce0a4d89620f55";465
466;"MPW-GS-220172";2891.5;"2022-12-31";"e836d813fd184325132fca8edcdfb40e";466
467;"MPW-GS-220194";1054.0;"2022-12-31";"ab817c9349cf9c4f6877e1894a1faa00";467
468;"MPW-GS-220234";1415.0;"2022-12-31";"877a9ba7a98f75b90a9d49f53f15a858";468
469;"MPW GS-1900013";132.0;"2019-07-31";"dc6a6489640ca02b0d42dabeb8e46bb7";469
470;"MPW-GS-190241";132.0;"2022-12-31";"26337353b7962f533d78c762373b3318";470
471;"MOP-GS-210039";67500.0;"2021-12-31";"8e6b42f1644ecb1327dc03ab345e618b";471
472;"MPW-GS-220029";137759.75;"2024-05-31";"ef575e8837d065a1683c022d2077d342";472
473;"MPW-GS-220239";210.0;"2022-08-31";"2050e03ca119580f74cca14cc6e97462";473
474;"MPW-GS-220235";3747.0;"2022-07-31";"25ddc0f8c9d3e22e03d3076f98d83cb2";474
475;"MPW-GS-190169";2900.0;"2021-01-31";"5ef0b4eba35ab2d6180b0bca7e46b6f9";475
476;"MPW-GS-210100";12900.0;"2022-01-31";"598b3e71ec378bd83e0a727608b5db01";476
477;"MPW-GS-220013";16800.0;"2022-04-30";"74071a673307ca7459bcf75fbd024e09";477
478;"MPW-GS-220036";2750.0;"2022-07-31";"cfee398643cbc3dc5eefc89334cacdc1";478
479;"MPW-W-220036";2750.0;"2022-07-31";"d18f655c3fce66ca401d5f38b48c89af";479
480;"MPW-GS-220284";3300.0;"2022-07-31";"6ea2ef7311b482724a9b7b0bc0dd85c6";480
481;"MPW-GS-220021";6620.0;"2022-05-31";"9461cce28ebe3e76fb4b931c35a169b0";481
482;"MPW-GS-220040";3900.0;"2022-08-06";"f770b62bc8f42a0b66751fe636fc6eb0";482
483;"MPW-GS-220110";2275.0;"2022-08-31";"e1e32e235eee1f970470a3a6658dfdd5";483
484;"MPW-W-220040";3900.0;"2022-08-06";"eba0dc302bcd9a273f8bbb72be3a687b";484
485;"MPW-GS-220261";17050.0;"2022-08-31";"218a0aefd1d1a4be65601cc6ddc1520e";485
486;"MPW-GS-220152";5250.0;"2022-11-30";"7d04bbbe5494ae9d2f5a76aa1c00fa2f";486
487;"MPW-GS-220158";3000.0;"2022-11-30";"a516a87cfcaef229b342c437fe2b95f7";487
488;"MPW-W-220041";2750.0;"2022-08-06";"c3c59e5f8b3e9753913f4d435b53c308";488
490;"MPW-GS-190055";200.0;"2019-09-30";"c410003ef13d451727aeff9082c29a5c";490
491;"MPW-GS-210175";429.0;"2021-12-31";"559cb990c9dffd8675f6bc2186971dc2";491
492;"MPW-GS-220242";1065.0;"2022-08-01";"55a7cf9c71f1c9c495413f934dd1a158";492
495;"MPW-GS-220141";817.5;"2022-08-31";"35051070e572e47d2c26c241ab88307f";495
496;"MPW-GS-210211";133600.0;"2022-05-31";"b534ba68236ba543ae44b22bd110a1d6";496
497;"MPW-GS-220037";66.0;"2022-07-31";"7380ad8a673226ae47fce7bff88e9c33";497
498;"MPW-GS-220048";2400.0;"2022-08-16";"05f971b5ec196b8c65b75d2ef8267331";498
499;"MPW-GS-220064";231.0;"2022-08-31";"3cf166c6b73f030b4f67eeaeba301103";499
500;"MPW-GS-220071";154.0;"2022-09-30";"cee631121c2ec9232f3a2f028ad5c89b";500
501;"MPW-GS-220099";110.0;"2022-08-31";"5b69b9cb83065d403869739ae7f0995e";501
502;"MPW-GS-220127";275.0;"2022-10-31";"b5b41fac0361d157d9673ecb926af5ae";502
503;"MPW-GS-220135";264.0;"2022-11-15";"285e19f20beded7d215102b49d5c09a0";503
504;"MPW-GS-220139";3150.0;"2022-11-30";"b337e84de8752b27eda3a12363109e80";504
505;"MPW-GS-220212";150.0;"2023-01-31";"e8c0653fea13f91bf3c48159f7c24f78";505
506;"MPW-GS-220224";110.0;"2022-07-31";"ff4d5fbbafdf976cfdc032e3bde78de5";506
507;"MPW-GS-220228";374.0;"2022-07-31";"2d6cc4b2d139a53512fb8cbb3086ae2e";507
508;"MPW-GS-220233";33.0;"2022-07-31";"389bc7bb1e1c2a5e7e147703232a88f6";508
510;"MPW-GS-220246";11.0;"2022-07-30";"087408522c31eeb1f982bc0eaf81d35f";510
511;"MPW-GS-220257";3450.0;"2022-05-31";"a760880003e7ddedfef56acb3b09697f";511
513;"MPW-GS-220274";11.0;"2022-12-31";"3dc4876f3f08201c7c76cb71fa1da439";513
514;"MPW-GS-220277";172.0;"2022-06-21";"59b90e1005a220e2ebc542eb9d950b1e";514
515;"MPW-GS-220287";66.0;"2022-06-20";"2b8a61594b1f4c4db0902a8a395ced93";515
516;"MPW-W-220201";438463.63;"2023-01-01";"f3f27a324736617f20abbf2ffd806f6d";516
517;"MPW-W-220245";494914.25;"2023-01-01";"38913e1d6a7b94cb0f55994f679f5956";517
518;"MPW-W-220210";584748.63;"2023-01-01";"ebd9629fc3ae5e9f6611e2ee05a31cef";518
519;"MOP-GS-200020";120060.0;"2021-01-31";"63538fe6ef330c13a05a3ed7e599d5f7";519
520;"MOP-GS-210004";66540.0;"2022-01-31";"cf67355a3333e6e143439161adc2d82e";520
521;"MPW-GS-22014";83400.0;"2023-01-31";"07563a3fe3bbe7e3ba84431ad9d055af";521
522;"MOP-GS-190047";703613.65;"2022-09-30";"53fde96fcc4b4ce72d7739202324cd49";522
523;"MOP-GS-210037";67500.0;"2021-12-31";"2bb232c0b13c774965ef8558f0fbd615";523
524;"MPW-GS-220027";137759.75;"2024-03-31";"ba2fd310dcaa8781a9a652a31baf3c68";524
525;"MOP-GS-220035";76540.0;"2022-05-23";"69421f032498c97020180038fddb8e24";525
526;"MOP-GS-220054";47000.0;"2024-05-23";"85422afb467e9456013a2a51d4dff702";526
527;"MPW-GS-220253";7500.0;"2022-07-31";"13f320e7b5ead1024ac95c3b208610db";527
528;"MPW-GS-210037";6800.0;"2022-12-31";"f4be00279ee2e0a53eafdaa94a151e2c";528
529;"MPW-GS-220165";44550.0;"2023-05-31";"37f0e884fbad9667e38940169d0a3c95";529
530;"MPW-GS-220144";2900.0;"2022-11-30";"d64a340bcb633f536d56e51874281454";530
531;"MPW-GS-220157";1700.0;"2022-11-30";"0fcbc61acd0479dc77e3cccc0f5ffca7";531
532;"MPW-GS-220182";1700.0;"2022-12-31";"298f95e1bf9136124592c8d4825a06fc";532
533;"MOP-W-220019";590530.78;"2022-09-30";"df877f3865752637daa540ea9cbc474f";533
534;"MPW-GS-220030";117760.0;"2024-03-31";"c399862d3b9d6b76c8436e924a68c45b";534
536;"MPW-GS-220163";4412.0;"2022-12-31";"65658fde58ab3c2b6e5132a39fae7cb9";536
538;"-";61875.0;"2022-04-01";"7bcdf75ad237b8e02e301f4091fb6bc8";538
539;"MPW-GS-220143";344.4;"2022-11-30";"5737034557ef5b8c02c0e46513b98f90";539
540;"MPW-GS-190058";30000.0;"2020-08-14";"9b72e31dac81715466cd580a448cf823";540
541;"MPW-G-220117";2875.0;"2022-10-31";"16c222aa19898e5058938167c8ab6c57";541
542;"MPW-W-230004";29015.0;"2023-03-31";"7dcd340d84f762eba80aa538b0c527f7";542
543;"MPW-GS-230003";82800.0;"2023-03-31";"81448138f5f163ccdba4acc69819f280";543
544;"MPW-W-220288";136099.17;"2023-12-31";"97e8527feaf77a97fc38f34216141515";544
545;"MPW-W-230002";269929.38;"2024-06-30";"647bba344396e7c8170902bcf2e15551";545
546;"MPW-W-230048";654647.67;"2023-12-31";"ed265bc903a5a097f61d3ec064d96d2e";546
547;"MPW-W-230007";195631.33;"2023-12-31";"c75b6f114c23a4d7ea11331e7c00e73c";547
548;"MPW-W-230039";700000.0;"2025-07-31";"8d34201a5b85900908db6cae92723617";548
549;"MPW-W-230037";900000.0;"2025-07-31";"ccb1d45fb76f7c5a0bf619f979c6cf36";549
550;"MPW-W-230042";600000.0;"2025-07-31";"01f78be6f7cad02658508fe4616098a9";550
551;"MPW-W-230041";800000.0;"2025-07-31";"7f24d240521d99071c93af3917215ef7";551
552;"MPW-W-230010";268890.38;"2023-12-31";"94c7bb58efc3b337800875b5d382a072";552
553;"MPW-W-230044";600000.0;"2025-07-31";"f387624df552cea2f369918c5e1e12bc";553
554;"MPW-W-230030";948463.48;"2024-01-31";"5e388103a391daabe3de1d76a6739ccd";554
555;"MPW-W-230005";126929.84;"2023-08-31";"15de21c670ae7c3f6f3f1f37029303c9";555
556;"MPW-W-230040";600000.0;"2025-07-31";"11b921ef080f7736089c757404650e40";556
557;"MPW-W-230043";800000.0;"2025-07-31";"6e2713a6efee97bacb63e52c54f0ada0";557
558;"MPW-W-230047";800000.0;"2025-07-31";"1bb91f73e9d31ea2830a5e73ce3ed328";558
559;"MPW-W-230006";422365.01;"2023-12-31";"3a0772443a0739141292a5429b952fe6";559
560;"MPW-W-230038";600000.0;"2025-07-31";"a9a6653e48976138166de32772b1bf40";560
561;"MPW-W-230033";450528.75;"2024-01-31";"58ae749f25eded36f486bc85feb3f0ab";561
562;"MPW-W-230045";700000.0;"2025-07-31";"4e4b5fbbbb602b6d35bea8460aa8f8e5";562
563;"MPW-W-230046";800000.0;"2025-07-31";"8eefcfdf5990e441f0fb6f3fad709e21";563
564;"MPW-W-230049";47516.61;"2023-11-30";"1728efbda81692282ba642aafd57be3a";564
565;"MPW-W-230050";52990.76;"2023-07-31";"cbcb58ac2e496207586df2854b17995f";565
566;"MPW-CS-230001";800511.25;"2023-08-26";"db85e2590b6109813dafa101ceb2faeb";566
567;"MOP-CS-230019";730100.0;"2023-12-31";"99c5e07b4d5de9d18c350cdf64c5aa3d";567
