"id";"total";"year";"contract_id"
1;248750.72;2015;1
2;50310.22;2017;2
3;40314.04;2017;3
4;15875.56;2017;4
5;111275.07;2017;139
6;49988.12;2017;140
7;556717.81;2019;123
8;393649.77;2019;124
9;297407.48;2019;125
10;491752.56;2019;126
11;481029.67;2019;127
12;271215.62;2019;141
13;281829.64;2019;143
14;255148.17;2019;145
15;367022.68;2019;146
16;375995.84;2019;149
17;494544.48;2019;142
18;150012.65;2019;144
19;59446.75;2019;147
20;223843.79;2019;148
21;60335.99;2019;150
22;137495.42;2019;151
23;300403.42;2019;152
24;61864.99;2022;5
25;28080.66;2022;6
26;41712.18;2022;7
27;131037.22;2022;60
28;138846.96;2022;62
29;87202.22;2022;64
30;339225.09;2022;66
31;481699.96;2022;68
32;63851.72;2022;69
33;105927.77;2022;71
34;65446.12;2022;72
35;72116.54;2022;74
36;95535.88;2022;75
37;382769.27;2022;77
38;65130.15;2022;78
39;762576.94;2022;79
40;344788.12;2022;80
41;778076.9;2022;81
42;154858.87;2022;82
43;416498.6;2022;83
44;45935.36;2022;84
45;38693.39;2022;85
46;41821.35;2022;86
47;69081.09;2022;87
48;386730.13;2022;88
49;342566.56;2022;89
50;215409.28;2022;105
51;23993.19;2022;100
52;99022.48;2022;101
53;169650.59;2022;8
54;165298.25;2022;11
56;371753.82;2022;103
57;39986.96;2022;106
58;44219.72;2022;17
59;666091.08;2022;107
60;537034.39;2022;20
62;305745.0;2022;109
63;200217.04;2022;22
64;346792.33;2022;110
66;195000.01;2022;111
67;406138.99;2022;112
68;391213.13;2022;28
69;728395.5;2022;33
70;171674.25;2022;113
71;196112.23;2021;10
72;76554.69;2021;12
73;34371.15;2021;14
75;271648.79;2021;16
76;59011.32;2021;19
77;46754.63;2021;25
78;52112.72;2021;26
79;27105.0;2021;27
80;337115.79;2021;29
81;339829.64;2021;30
82;18949.0;2022;34
83;7100.0;2022;35
84;339929.63;2022;37
85;450.0;2022;43
86;732.0;2022;41
87;53740.0;2022;46
88;39600.0;2022;47
89;5893.3;2022;48
90;9264.0;2022;51
91;4100.0;2022;53
92;47072.0;2022;54
93;48425.0;2022;55
94;1900.0;2022;56
95;20895.0;2022;57
96;28500.0;2022;58
98;60645.0;2022;61
99;5926.0;2022;70
100;44935.0;2022;73
101;519439.01;2022;120
102;148085.99;2022;121
103;573317.06;2022;122
104;4500.0;2021;38
105;4675.0;2021;39
106;200.0;2021;44
107;14895.0;2021;45
108;176613.0;2021;49
109;16750.0;2021;50
110;158470.0;2021;52
111;45000.0;2021;63
112;43835.0;2021;65
113;45650.0;2021;67
114;276634.0;2021;94
115;87800.0;2021;98
116;281415.92;2021;104
117;88970.39;2021;114
118;314106.58;2021;115
119;58307.54;2021;116
120;148256.87;2021;117
121;122960.04;2021;118
122;50020.86;2021;119
125;379137.68;2021;130
126;258534.75;2021;131
127;242001.57;2021;132
128;272285.28;2021;133
129;28258.31;2021;134
130;213772.95;2021;135
131;448209.39;2021;136
132;300792.46;2021;137
133;203040.65;2021;138
134;475000.0;2020;9
135;341781.0;2020;18
136;399974.64;2020;21
137;396311.35;2020;24
138;422400.0;2020;31
139;523300.0;2020;36
140;475000.0;2020;40
141;798900.0;2020;42
142;455375.0;2020;76
143;395550.0;2020;90
144;169404.0;2020;91
145;164154.0;2020;92
146;167154.0;2020;93
147;570200.0;2020;95
148;499065.8;2020;96
149;373666.0;2020;97
150;550800.0;2020;99
151;579908.0;2020;102
152;3400.0;2022;32
153;10303.59;2022;153
154;3540.0;2022;154
155;11998.0;2022;155
156;38780.0;2022;156
158;63726.54;2022;158
159;4947.0;2022;159
160;250.0;2022;160
161;33.0;2022;161
162;33.0;2022;162
163;33.0;2022;163
164;1628.0;2022;164
165;218928.0;2021;165
166;3420.0;2022;166
167;7990.0;2022;167
168;2000.0;2022;168
169;760.0;2021;169
171;92760.0;2022;171
172;10990.0;2022;172
173;300.0;2019;173
174;150.0;2020;174
175;300.0;2022;175
176;150.0;2022;176
177;2875.0;2022;177
178;7960.0;2022;178
179;1050.0;2021;179
180;3087.5;2022;180
181;2987.25;2022;181
182;2987.25;2022;182
183;2011.8;2022;183
184;3000.0;2020;184
185;3000.0;2021;185
186;1128.0;2022;186
187;94750.2;2020;187
188;181131.5;2021;188
189;941.0;2022;189
190;334587.0;2022;190
191;1876.25;2022;191
192;417.0;2022;192
193;324.5;2022;193
194;1937.5;2022;194
195;10821.6;2022;195
196;2147.25;2022;196
197;225.0;2022;197
198;1192.9;2022;198
199;2394.0;2022;199
200;1125.0;2022;200
201;2477.5;2022;201
202;10039.0;2022;202
203;1590.0;2022;203
204;128.0;2022;204
205;80.0;2022;205
206;1897.0;2022;206
207;870.0;2022;207
208;2660.5;2022;208
209;1305.75;2022;209
210;1637.0;2022;210
212;49050.0;2019;212
213;3890.0;2022;213
214;49815.0;2022;214
215;10000.0;2021;215
216;3124.0;2022;216
217;44280.0;2022;217
218;296.5;2022;218
219;917.5;2022;219
221;150.0;2022;221
222;195150.7;2019;222
223;21853.96;2022;223
224;13948.33;2022;224
225;345314.85;2022;225
226;353872.56;2022;226
227;194995.1;2022;227
228;158794.42;2022;228
229;29170.43;2022;229
230;524365.6;2022;230
231;587515.51;2022;231
232;455126.39;2022;232
233;520266.22;2022;233
234;40700.0;2022;234
235;17050.0;2022;235
236;19200.0;2022;236
237;39900.0;2022;237
238;4800.0;2022;238
239;18750.0;2022;239
240;18230.0;2022;240
241;150.0;2022;241
242;650.0;2022;242
243;17960.0;2022;243
244;22229.5;2021;244
245;4680.0;2022;245
246;8880.0;2022;246
247;2897.0;2022;247
248;6570.0;2022;248
249;147740.4;2019;249
250;30000.0;2021;250
251;84050.0;2022;251
252;487.5;2022;252
253;13200.0;2020;253
254;3250.0;2022;254
255;500.0;2022;255
256;25000.0;2022;256
257;250.0;2019;257
258;125.0;2022;258
259;150.0;2022;259
260;125.0;2022;260
261;250.0;2022;261
262;68981.0;2022;262
263;205271.95;2020;263
264;20000.0;2022;264
265;23017.5;2019;265
266;625.0;2022;266
267;5381.0;2022;267
268;2475.0;2022;268
269;625.0;2022;269
270;416.6;2022;270
271;1252.0;2022;271
272;1030.0;2022;272
273;1000.0;2022;273
274;7691.0;2022;274
275;23690.0;2022;275
276;44559.68;2019;276
277;62781.36;2019;277
278;183183.92;2019;278
279;171685.42;2019;279
280;225977.27;2019;280
281;84077.42;2019;281
282;9466.24;2019;282
283;2150.0;2022;283
284;268170.0;2019;284
285;69480.0;2020;285
286;58080.0;2022;286
287;610.0;2022;287
288;88200.0;2019;288
289;109210.34;2019;289
290;73033.49;2019;290
291;161554.19;2019;291
292;71468.49;2019;292
293;32801.87;2019;293
294;298505.7;2019;294
295;4150.0;2022;295
296;5900.0;2022;296
297;157601.26;2019;297
298;3010.0;2022;298
299;1250.0;2022;299
300;1215.0;2019;300
301;700.0;2019;301
302;48340.53;2019;302
303;191970.64;2019;303
304;35400.0;2021;304
305;9875.0;2021;305
306;43000.0;2022;306
307;7800.0;2022;307
308;3924.0;2022;308
309;2400.0;2022;309
310;47030.0;2022;310
311;3600.0;2022;311
312;13440.0;2022;312
313;6790.0;2022;313
314;30000.0;2019;314
315;2869.0;2019;315
316;30000.0;2019;316
317;71729.53;2019;317
318;142718.62;2019;318
320;50702.59;2019;319
321;141684.96;2019;320
322;88960.86;2019;321
323;55012.05;2019;322
324;161431.38;2019;323
325;152025.38;2019;324
326;71803.67;2019;325
327;63841.12;2019;326
328;216525.57;2019;327
329;441391.9;2019;328
330;403360.46;2021;329
331;299448.62;2021;330
332;173960.8;2021;331
333;225714.76;2021;332
334;474365.56;2021;333
335;74385.35;2021;334
336;249614.09;2021;335
337;296211.81;2021;336
338;112517.92;2021;337
339;33889.94;2021;338
340;343111.47;2021;339
341;132612.26;2021;340
342;181220.42;2021;341
343;83595.57;2021;342
344;124043.34;2021;343
345;408816.75;2021;344
346;421729.47;2021;345
347;278252.69;2022;346
348;89575.77;2021;347
349;72387.33;2021;348
350;364474.5;2022;349
351;39828.24;2021;350
352;186084.05;2021;351
353;411620.44;2021;352
354;131219.62;2021;353
355;167071.89;2021;354
356;173484.62;2021;355
357;213930.25;2021;356
358;198698.25;2021;357
359;131893.81;2022;358
360;189188.95;2022;359
361;112505.28;2021;360
362;128442.05;2022;361
363;547362.82;2022;362
364;74535.6;2022;363
365;29471.35;2022;364
366;24132.86;2022;365
367;403741.64;2022;366
368;88950.77;2022;367
369;219745.45;2019;368
370;111143.09;2022;369
372;116902.51;2019;371
373;70939.63;2022;372
374;734491.39;2022;373
375;146911.62;2019;374
376;208360.74;2019;375
377;563751.66;2022;376
378;578040.73;2021;377
379;549103.71;2022;378
380;177242.59;2019;379
381;87929.19;2019;380
382;526656.74;2019;381
383;517282.04;2022;382
384;194402.72;2019;383
385;358040.28;2022;384
386;284325.06;2021;385
387;560804.96;2022;386
388;288087.99;2022;387
389;389584.85;2022;388
390;201488.79;2020;389
391;242501.42;2019;390
392;326103.83;2022;391
393;242560.14;2019;392
394;273148.15;2015;393
395;19838.03;2016;394
396;243994.87;2018;395
397;251677.07;2014;396
398;17584.69;2015;397
399;82162.84;2022;398
400;42859.34;2019;399
401;41360.77;2022;400
402;345601.26;2022;401
403;36581.28;2019;402
404;156400.69;2019;403
405;34599.02;2021;404
406;36948.51;2022;405
407;48304.86;2020;406
408;8802.93;2021;407
409;4088.0;2021;408
410;4195.26;2022;409
411;49829.45;2019;410
412;123962.73;2019;411
413;93124.3;2019;412
414;46625.89;2019;413
415;13187.61;2022;414
416;508540.07;2019;415
417;30559.91;2021;416
418;47261.74;2019;417
419;92900.0;2019;418
421;83897.22;2017;420
422;149732.87;2021;421
423;153049.65;2021;422
424;158465.33;2021;423
425;152622.9;2021;424
426;165363.43;2021;425
427;162215.27;2021;426
428;123631.72;2021;427
429;114789.5;2021;428
431;67382.23;2021;430
433;238739.71;2021;432
434;62024.04;2021;433
435;88425.8;2021;434
436;76423.05;2021;435
437;188589.13;2021;436
438;88852.44;2021;437
439;53998.75;2021;438
440;79666.49;2021;439
441;126054.33;2021;440
443;358014.56;2021;442
444;170193.83;2021;443
445;8911.64;2019;444
446;47100.0;2022;445
447;3885.0;2022;446
448;290.0;2019;447
449;540.0;2020;448
450;1495.0;2022;449
451;757.5;2022;450
452;624.5;2022;451
453;6507.75;2022;452
454;530.0;2022;453
455;25000.0;2022;454
456;3121.0;2022;455
457;570.0;2022;456
458;1710.0;2022;457
459;475.0;2022;458
460;730.0;2022;459
461;6070.0;2022;460
462;1817.0;2022;461
463;245.0;2022;462
464;1182.0;2022;463
465;1245.0;2022;464
466;160.0;2022;465
467;2891.5;2022;466
468;1054.0;2022;467
469;1415.0;2022;468
470;132.0;2019;469
471;132.0;2019;470
472;67500.0;2021;471
473;137759.75;2022;472
474;210.0;2022;473
475;3747.0;2022;474
476;2900.0;2019;475
477;12900.0;2021;476
478;16800.0;2022;477
479;2750.0;2022;478
480;2750.0;2022;479
481;3300.0;2022;480
482;6620.0;2022;481
483;3900.0;2022;482
484;2275.0;2022;483
485;3900.0;2022;484
486;17050.0;2022;485
487;5250.0;2022;486
488;3000.0;2022;487
489;2750.0;2022;488
491;200.0;2019;490
492;429.0;2021;491
495;817.5;2022;495
496;133600.0;2022;496
497;66.0;2022;497
498;2400.0;2022;498
499;231.0;2022;499
500;154.0;2022;500
501;110.0;2022;501
502;275.0;2022;502
503;264.0;2022;503
504;3150.0;2022;504
505;150.0;2022;505
506;110.0;2022;506
507;374.0;2022;507
508;33.0;2022;508
510;11.0;2022;510
511;3450.0;2022;511
513;11.0;2022;513
514;172.0;2022;514
515;66.0;2022;515
516;438463.63;2022;516
517;494914.25;2022;517
518;584748.63;2022;518
519;120060.0;2020;519
520;66540.0;2021;520
522;83400.0;2022;521
523;703613.65;2019;522
524;67500.0;2021;523
525;137759.75;2022;524
526;76540.0;2022;525
527;47000.0;2022;526
528;7500.0;2022;527
529;6800.0;2021;528
530;44550.0;2022;529
531;2900.0;2022;530
532;1700.0;2022;531
533;1700.0;2022;532
534;590530.78;2022;533
535;117760.0;2022;534
537;4412.0;2022;536
539;61875.0;2022;538
540;344.4;2022;539
541;30000.0;2019;540
542;2875.0;2022;541
543;1065.0;2022;492
544;29015.0;2023;542
545;82800.0;2023;543
546;136099.17;2022;544
547;269929.38;2023;545
548;654647.67;2023;546
549;195631.33;2023;547
550;700000.0;2023;548
551;900000.0;2023;549
552;600000.0;2023;550
553;800000.0;2023;551
554;268890.38;2023;552
555;600000.0;2023;553
556;948463.48;2023;554
557;126929.84;2023;555
558;600000.0;2023;556
559;800000.0;2023;557
560;800000.0;2023;558
561;422365.01;2023;559
562;600000.0;2023;560
563;450528.75;2023;561
564;700000.0;2023;562
565;800000.0;2023;563
566;47516.61;2023;564
567;52990.76;2023;565
568;800511.25;2022;566
569;730100.0;2023;567
570;117760.0;2023;534
571;117760.0;2024;534
